759B462F-39C9-11E8-B8CE-15D78AC88FB6,EVENT_WRITE,975F38B2-39C9-11E8-B8CE-15D78AC88FB6,8A36252A-9150-5507-92CD-31A5996404B8,1523039862569533128
975F38B2-39C9-11E8-B8CE-15D78AC88FB6,EVENT_READ,759B462F-39C9-11E8-B8CE-15D78AC88FB6,461F03F0-2200-5253-98B4-3A9246AD47B6,1523039863559533627
759B462F-39C9-11E8-B8CE-15D78AC88FB6,EVENT_WRITE,975F38B2-39C9-11E8-B8CE-15D78AC88FB6,B812450B-BA3D-5E3E-8653-9954A1B6115B,1523039863559533627
975F38B2-39C9-11E8-B8CE-15D78AC88FB6,EVENT_READ,759B462F-39C9-11E8-B8CE-15D78AC88FB6,425121ED-E972-5796-A835-439E27A7A2E2,1523039864559533530
759B462F-39C9-11E8-B8CE-15D78AC88FB6,EVENT_WRITE,975F38B2-39C9-11E8-B8CE-15D78AC88FB6,ED0E7A16-6EB2-5E87-BE29-DB49AB0EA239,1523039864569532585
975F38B2-39C9-11E8-B8CE-15D78AC88FB6,EVENT_READ,759B462F-39C9-11E8-B8CE-15D78AC88FB6,AEFCB9E8-D354-51CF-A4B8-61F1C6B69542,1523039864569532585
759B462F-39C9-11E8-B8CE-15D78AC88FB6,EVENT_WRITE,975F38B2-39C9-11E8-B8CE-15D78AC88FB6,5208150D-B1B8-50F7-A5BF-C6750160780D,1523039864679532985
975F38B2-39C9-11E8-B8CE-15D78AC88FB6,EVENT_READ,759B462F-39C9-11E8-B8CE-15D78AC88FB6,6CA43F73-7305-5EAB-A0E2-8CB3A46A2A15,1523039865559530464
759B462F-39C9-11E8-B8CE-15D78AC88FB6,EVENT_WRITE,975F38B2-39C9-11E8-B8CE-15D78AC88FB6,B919C59F-957E-5A8A-A2AA-08762739C921,1523039865559530464
975F38B2-39C9-11E8-B8CE-15D78AC88FB6,EVENT_READ,759B462F-39C9-11E8-B8CE-15D78AC88FB6,E644D9A9-8C17-5636-A840-D4558FD90690,1523039866569533762
975F38B2-39C9-11E8-B8CE-15D78AC88FB6,EVENT_READ,759B462F-39C9-11E8-B8CE-15D78AC88FB6,2D62B7E2-1265-5DEE-8A93-0F33BA3EC95D,1523039866669530707
759B462F-39C9-11E8-B8CE-15D78AC88FB6,EVENT_WRITE,975F38B2-39C9-11E8-B8CE-15D78AC88FB6,8207422B-D523-55A1-8133-3615D47096B2,1523039866679534332
975F38B2-39C9-11E8-B8CE-15D78AC88FB6,EVENT_READ,759B462F-39C9-11E8-B8CE-15D78AC88FB6,22196DC0-CA1B-58A5-B800-D0338E635C6B,1523039867569531186
759B462F-39C9-11E8-B8CE-15D78AC88FB6,EVENT_WRITE,975F38B2-39C9-11E8-B8CE-15D78AC88FB6,A0DD5F9D-483F-57D2-B014-B642DFE9CC2D,1523039867569531186
759B462F-39C9-11E8-B8CE-15D78AC88FB6,EVENT_CLOSE,975F38B2-39C9-11E8-B8CE-15D78AC88FB6,BF4C6D97-E642-503A-9ACD-886903EE76AC,1523039867569531186
D0CBA2D6-39CC-11E8-B8CE-15D78AC88FB6,EVENT_WRITE,F9247D52-39CC-11E8-B8CE-15D78AC88FB6,FDD38F71-C875-5C4B-A46B-63CE5843E56F,1523041315089500783
F9247D52-39CC-11E8-B8CE-15D78AC88FB6,EVENT_READ,D0CBA2D6-39CC-11E8-B8CE-15D78AC88FB6,D57D9A6A-5D9D-5C6F-94F2-C5167071FC4F,1523041316079497461
D0CBA2D6-39CC-11E8-B8CE-15D78AC88FB6,EVENT_WRITE,F9247D52-39CC-11E8-B8CE-15D78AC88FB6,B855EB53-6481-59A8-A5CC-04895C17D181,1523041316079497461
F9247D52-39CC-11E8-B8CE-15D78AC88FB6,EVENT_READ,D0CBA2D6-39CC-11E8-B8CE-15D78AC88FB6,357CB217-B691-5785-8291-1254ED20C7C2,1523041317079499847
D0CBA2D6-39CC-11E8-B8CE-15D78AC88FB6,EVENT_WRITE,F9247D52-39CC-11E8-B8CE-15D78AC88FB6,0232A82D-DEA3-5D49-AF50-F1889E52C9DE,1523041317339496900
F9247D52-39CC-11E8-B8CE-15D78AC88FB6,EVENT_READ,D0CBA2D6-39CC-11E8-B8CE-15D78AC88FB6,7603FED6-C801-5FAA-A83D-ADF2298F830A,1523041318079500922
D0CBA2D6-39CC-11E8-B8CE-15D78AC88FB6,EVENT_WRITE,F9247D52-39CC-11E8-B8CE-15D78AC88FB6,A8A2DA7F-E4A9-5C64-A7BC-871AE254E0BB,1523041318089501229
F9247D52-39CC-11E8-B8CE-15D78AC88FB6,EVENT_READ,D0CBA2D6-39CC-11E8-B8CE-15D78AC88FB6,52F9843E-DF3C-5B45-8C0E-FCD0B5831CCD,1523041319089499924
F9247D52-39CC-11E8-B8CE-15D78AC88FB6,EVENT_READ,D0CBA2D6-39CC-11E8-B8CE-15D78AC88FB6,767D2365-DF40-5E31-82D5-3799B4159CFD,1523041319089499924
F9247D52-39CC-11E8-B8CE-15D78AC88FB6,EVENT_READ,D0CBA2D6-39CC-11E8-B8CE-15D78AC88FB6,0B792DFC-3321-57F9-88A6-FAFAE1E48470,1523041319089499924
D0CBA2D6-39CC-11E8-B8CE-15D78AC88FB6,EVENT_WRITE,F9247D52-39CC-11E8-B8CE-15D78AC88FB6,E385B019-FCB4-5EE5-BBE8-8D8A1E015FDC,1523041319099503571
F9247D52-39CC-11E8-B8CE-15D78AC88FB6,EVENT_READ,D0CBA2D6-39CC-11E8-B8CE-15D78AC88FB6,6440DCDC-0A31-5CEA-84BC-48AC62770E8F,1523041320089499700
D0CBA2D6-39CC-11E8-B8CE-15D78AC88FB6,EVENT_WRITE,F9247D52-39CC-11E8-B8CE-15D78AC88FB6,8A2AD476-0D79-5982-AB1F-D0F674A0ED54,1523041320099504177
D0CBA2D6-39CC-11E8-B8CE-15D78AC88FB6,EVENT_CLOSE,F9247D52-39CC-11E8-B8CE-15D78AC88FB6,A4ACA2AE-A5C2-52F3-BA68-EDCA446853F6,1523041320099504177
