482AD2B6-3E7E-11E8-A5CB-3FA3753A265A,EVENT_RECVFROM,48289024-3E7E-11E8-A5CB-3FA3753A265A,9629A394-07E6-5B2F-8C85-D359E02059EF,1523624690974654171
482AD2B6-3E7E-11E8-A5CB-3FA3753A265A,EVENT_RECVFROM,48289024-3E7E-11E8-A5CB-3FA3753A265A,3ECBB1B1-4604-5C0D-BE4F-0B8FC1C08A0A,1523624691014653726
48289024-3E7E-11E8-A5CB-3FA3753A265A,EVENT_SENDTO,482AD2B6-3E7E-11E8-A5CB-3FA3753A265A,66AC7787-D080-550C-AA96-C22079F79C15,1523624691034655184
48289024-3E7E-11E8-A5CB-3FA3753A265A,EVENT_SENDTO,482AD2B6-3E7E-11E8-A5CB-3FA3753A265A,595B339B-755F-5547-BAC0-A295B1D42B69,1523624691034655184
482AD2B6-3E7E-11E8-A5CB-3FA3753A265A,EVENT_RECVFROM,48289024-3E7E-11E8-A5CB-3FA3753A265A,19810191-D1D6-55B8-8981-67497ADED0A2,1523624710174654294
482AD2B6-3E7E-11E8-A5CB-3FA3753A265A,EVENT_RECVFROM,48289024-3E7E-11E8-A5CB-3FA3753A265A,C7589EB0-4962-5A0E-A156-1BEF8345F919,1523624710214656130
48289024-3E7E-11E8-A5CB-3FA3753A265A,EVENT_SENDTO,482AD2B6-3E7E-11E8-A5CB-3FA3753A265A,481159A7-C89A-5AE1-95F0-0471E9F394D3,1523624710304654250
48289024-3E7E-11E8-A5CB-3FA3753A265A,EVENT_SENDTO,482AD2B6-3E7E-11E8-A5CB-3FA3753A265A,78FF7A16-A30E-5774-BABF-7041211C60C1,1523624710304654250
482AD2B6-3E7E-11E8-A5CB-3FA3753A265A,EVENT_RECVFROM,48289024-3E7E-11E8-A5CB-3FA3753A265A,81CB62B0-F113-5A23-BA84-1AA09B549095,1523624712774656266
482AD2B6-3E7E-11E8-A5CB-3FA3753A265A,EVENT_RECVFROM,48289024-3E7E-11E8-A5CB-3FA3753A265A,55AFC8FB-E2E8-5449-8E66-4AFEFBEFA15F,1523624712774656266
48289024-3E7E-11E8-A5CB-3FA3753A265A,EVENT_SENDTO,482AD2B6-3E7E-11E8-A5CB-3FA3753A265A,61992967-2F7F-5E85-A4F5-6585FAE3AB08,1523624712864657106
48289024-3E7E-11E8-A5CB-3FA3753A265A,EVENT_SENDTO,482AD2B6-3E7E-11E8-A5CB-3FA3753A265A,5B854B36-3F6D-5DF5-8ABB-90E40CB2EF32,1523624712864657106
482AD2B6-3E7E-11E8-A5CB-3FA3753A265A,EVENT_RECVFROM,48289024-3E7E-11E8-A5CB-3FA3753A265A,99AC835B-80DC-5991-A6AD-AD71BD032801,1523624714174652766
482AD2B6-3E7E-11E8-A5CB-3FA3753A265A,EVENT_RECVFROM,48289024-3E7E-11E8-A5CB-3FA3753A265A,2F460522-E661-5E41-A8A5-932BE9EFE7AD,1523624714174652766
48289024-3E7E-11E8-A5CB-3FA3753A265A,EVENT_SENDTO,482AD2B6-3E7E-11E8-A5CB-3FA3753A265A,1EBA778B-99EC-5DDF-802E-B60C2A9A4D5D,1523624714284655444
48289024-3E7E-11E8-A5CB-3FA3753A265A,EVENT_SENDTO,482AD2B6-3E7E-11E8-A5CB-3FA3753A265A,29111D67-6AD8-539D-A7C0-EC360C500720,1523624714284655444
482AD2B6-3E7E-11E8-A5CB-3FA3753A265A,EVENT_RECVFROM,48289024-3E7E-11E8-A5CB-3FA3753A265A,F2988C1D-C6CE-504D-9134-3CC2168DBB40,1523624724774652670
482AD2B6-3E7E-11E8-A5CB-3FA3753A265A,EVENT_RECVFROM,48289024-3E7E-11E8-A5CB-3FA3753A265A,5EF6FFAC-B669-5C3E-925F-AA8820CA7DC4,1523624724774652670
48289024-3E7E-11E8-A5CB-3FA3753A265A,EVENT_SENDTO,482AD2B6-3E7E-11E8-A5CB-3FA3753A265A,3D0003CB-EAFC-5F4D-9336-B3584A4CD11A,1523624724864652180
48289024-3E7E-11E8-A5CB-3FA3753A265A,EVENT_SENDTO,482AD2B6-3E7E-11E8-A5CB-3FA3753A265A,80BE58D0-DC60-5538-AF52-B5F676D8CF8B,1523624724864652180
482AD2B6-3E7E-11E8-A5CB-3FA3753A265A,EVENT_RECVFROM,48289024-3E7E-11E8-A5CB-3FA3753A265A,409A7BC7-9E93-59D5-8C06-CD8F46290723,1523624725774656023
482AD2B6-3E7E-11E8-A5CB-3FA3753A265A,EVENT_RECVFROM,48289024-3E7E-11E8-A5CB-3FA3753A265A,9210FEE9-8C58-5B5D-BB85-397AF7C86EDA,1523624725774656023
48289024-3E7E-11E8-A5CB-3FA3753A265A,EVENT_SENDTO,482AD2B6-3E7E-11E8-A5CB-3FA3753A265A,7D8F302D-3E50-5CA1-B01D-28F6D9EEF6B1,1523624725804653060
48289024-3E7E-11E8-A5CB-3FA3753A265A,EVENT_SENDTO,482AD2B6-3E7E-11E8-A5CB-3FA3753A265A,43C7FA68-EFD0-572C-8464-480967297E75,1523624725804653060
482AD2B6-3E7E-11E8-A5CB-3FA3753A265A,EVENT_RECVFROM,48289024-3E7E-11E8-A5CB-3FA3753A265A,65ED97B9-27F8-59A7-871C-85D1CCEC2719,1523624803334650379
48289024-3E7E-11E8-A5CB-3FA3753A265A,EVENT_CLOSE,482AD2B6-3E7E-11E8-A5CB-3FA3753A265A,21227DD0-6198-5CCE-AD50-6C90DE737CE9,1523624803334650379
11C5EF33-3DC3-11E8-A5CA-3FA3753A265A,EVENT_ACCEPT,11C65665-3DC3-11E8-A5CA-3FA3753A265A,A0738625-EBD1-5276-91B0-9CCDABA840DA,1523624830574650037
937BA111-3F1B-11E8-A5CB-3FA3753A265A,EVENT_RECVFROM,11C65665-3DC3-11E8-A5CA-3FA3753A265A,810C8CF8-0F83-59CD-B4EF-77F0CD289F71,1523624830574650037
937BA111-3F1B-11E8-A5CB-3FA3753A265A,EVENT_RECVFROM,11C65665-3DC3-11E8-A5CA-3FA3753A265A,55AD1A21-A7BF-575A-9281-B0CB14FB8330,1523624830574650037
11C65665-3DC3-11E8-A5CA-3FA3753A265A,EVENT_CONNECT,937BE863-3F1B-11E8-A5CB-3FA3753A265A,6A293AFD-64CD-5A02-8D7F-5C04F8CBC5F5,1523624830584651435
11C65665-3DC3-11E8-A5CA-3FA3753A265A,EVENT_SENDTO,937BE863-3F1B-11E8-A5CB-3FA3753A265A,7985DCBB-ED0C-59CE-8672-2CD7B405BFA9,1523624830584651435
937BE863-3F1B-11E8-A5CB-3FA3753A265A,EVENT_RECVFROM,11C65665-3DC3-11E8-A5CA-3FA3753A265A,77963F99-04BD-5BCF-B964-F99D5A29D40F,1523624830584651435
937BE863-3F1B-11E8-A5CB-3FA3753A265A,EVENT_RECVFROM,11C65665-3DC3-11E8-A5CA-3FA3753A265A,3A9D5306-88D3-5E5C-9767-AD0055FAC0AB,1523624830584651435
937BE863-3F1B-11E8-A5CB-3FA3753A265A,EVENT_RECVFROM,11C65665-3DC3-11E8-A5CA-3FA3753A265A,23E8CD89-5CED-5CA6-89D0-6FA9A3DED23C,1523624830584651435
937BE863-3F1B-11E8-A5CB-3FA3753A265A,EVENT_RECVFROM,11C65665-3DC3-11E8-A5CA-3FA3753A265A,E235F0E8-EFB6-55E0-BF95-9A0208688187,1523624830584651435
937BE863-3F1B-11E8-A5CB-3FA3753A265A,EVENT_RECVFROM,11C65665-3DC3-11E8-A5CA-3FA3753A265A,E5E239B0-52D0-5DD5-900B-8E67564739F3,1523624830584651435
937BE863-3F1B-11E8-A5CB-3FA3753A265A,EVENT_RECVFROM,11C65665-3DC3-11E8-A5CA-3FA3753A265A,1241EE34-A349-5840-83EC-DDFF48453B5F,1523624830584651435
937BE863-3F1B-11E8-A5CB-3FA3753A265A,EVENT_RECVFROM,11C65665-3DC3-11E8-A5CA-3FA3753A265A,AA351652-BBB1-59AF-A861-8539D8F18B00,1523624830584651435
937BE863-3F1B-11E8-A5CB-3FA3753A265A,EVENT_RECVFROM,11C65665-3DC3-11E8-A5CA-3FA3753A265A,E3616C12-4369-5690-8FDC-36C59B6D5AE9,1523624830584651435
937BE863-3F1B-11E8-A5CB-3FA3753A265A,EVENT_RECVFROM,11C65665-3DC3-11E8-A5CA-3FA3753A265A,EFFE3D8A-AAA0-5F00-B046-2385DDCB9EDF,1523624830584651435
937BE863-3F1B-11E8-A5CB-3FA3753A265A,EVENT_RECVFROM,11C65665-3DC3-11E8-A5CA-3FA3753A265A,3497D5E5-0444-55B6-A7CE-4BC1EB57C759,1523624830584651435
937BE863-3F1B-11E8-A5CB-3FA3753A265A,EVENT_RECVFROM,11C65665-3DC3-11E8-A5CA-3FA3753A265A,A924E6BE-9724-5658-8B8E-97F2B07722FD,1523624830584651435
937BE863-3F1B-11E8-A5CB-3FA3753A265A,EVENT_RECVFROM,11C65665-3DC3-11E8-A5CA-3FA3753A265A,B7AE5F9E-602E-54DC-B5B0-FBB52D15EE79,1523624830584651435
937BE863-3F1B-11E8-A5CB-3FA3753A265A,EVENT_RECVFROM,11C65665-3DC3-11E8-A5CA-3FA3753A265A,1CB41036-D2B9-5B5E-A267-772AF59D5A67,1523624830584651435
937BE863-3F1B-11E8-A5CB-3FA3753A265A,EVENT_RECVFROM,11C65665-3DC3-11E8-A5CA-3FA3753A265A,948C2661-EBE4-527F-8D89-8984001A1469,1523624830584651435
937BE863-3F1B-11E8-A5CB-3FA3753A265A,EVENT_RECVFROM,11C65665-3DC3-11E8-A5CA-3FA3753A265A,D395FAA7-A892-5E2D-BBDA-31F1064EE1B0,1523624830584651435
937BE863-3F1B-11E8-A5CB-3FA3753A265A,EVENT_RECVFROM,11C65665-3DC3-11E8-A5CA-3FA3753A265A,FD6B6CB7-AAB5-5DED-8F7C-52B917EE0CEF,1523624830584651435
937BE863-3F1B-11E8-A5CB-3FA3753A265A,EVENT_RECVFROM,11C65665-3DC3-11E8-A5CA-3FA3753A265A,6E7EDBE3-06C0-5E3F-8D51-B32286682D95,1523624830584651435
937BE863-3F1B-11E8-A5CB-3FA3753A265A,EVENT_RECVFROM,11C65665-3DC3-11E8-A5CA-3FA3753A265A,0130F0DD-BBA8-5E67-8BCF-BB3F925D81ED,1523624830594652074
937BE863-3F1B-11E8-A5CB-3FA3753A265A,EVENT_RECVFROM,11C65665-3DC3-11E8-A5CA-3FA3753A265A,D5F9E656-2F3F-54E9-A070-8F0C5EE10622,1523624830594652074
937BE863-3F1B-11E8-A5CB-3FA3753A265A,EVENT_RECVFROM,11C65665-3DC3-11E8-A5CA-3FA3753A265A,657E70BE-2AB8-5AA0-8C37-2ECA60A97C41,1523624830594652074
937BE863-3F1B-11E8-A5CB-3FA3753A265A,EVENT_RECVFROM,11C65665-3DC3-11E8-A5CA-3FA3753A265A,EC60B50A-0E90-5E04-8B73-6EB869BBDA11,1523624830594652074
937BE863-3F1B-11E8-A5CB-3FA3753A265A,EVENT_RECVFROM,11C65665-3DC3-11E8-A5CA-3FA3753A265A,143B87C9-EFB6-5D34-B2DD-78B1EF7F1CFE,1523624830594652074
937BE863-3F1B-11E8-A5CB-3FA3753A265A,EVENT_RECVFROM,11C65665-3DC3-11E8-A5CA-3FA3753A265A,B7CB949E-FE49-50C8-940F-4F9FAD054202,1523624830594652074
937BE863-3F1B-11E8-A5CB-3FA3753A265A,EVENT_RECVFROM,11C65665-3DC3-11E8-A5CA-3FA3753A265A,F14AAFA4-437E-5C12-BC6B-3BE2479D712A,1523624830594652074
937BE863-3F1B-11E8-A5CB-3FA3753A265A,EVENT_RECVFROM,11C65665-3DC3-11E8-A5CA-3FA3753A265A,E4B19353-36D5-57F9-A88A-BA2204C5D702,1523624830594652074
937BE863-3F1B-11E8-A5CB-3FA3753A265A,EVENT_RECVFROM,11C65665-3DC3-11E8-A5CA-3FA3753A265A,FD063A66-92D8-52D4-8349-2DF7EB98A45D,1523624830594652074
937BE863-3F1B-11E8-A5CB-3FA3753A265A,EVENT_RECVFROM,11C65665-3DC3-11E8-A5CA-3FA3753A265A,0FE15587-3747-5D33-8C15-65157433CF40,1523624830594652074
937BE863-3F1B-11E8-A5CB-3FA3753A265A,EVENT_RECVFROM,11C65665-3DC3-11E8-A5CA-3FA3753A265A,1D15A046-44B1-594F-8CED-D6D06DA32BBF,1523624830594652074
937BE863-3F1B-11E8-A5CB-3FA3753A265A,EVENT_RECVFROM,11C65665-3DC3-11E8-A5CA-3FA3753A265A,0AD42B7F-7D06-5B11-9FA9-CE665AB29EB6,1523624830594652074
937BE863-3F1B-11E8-A5CB-3FA3753A265A,EVENT_RECVFROM,11C65665-3DC3-11E8-A5CA-3FA3753A265A,936F9591-171E-5220-BBA9-EDA76D4AF049,1523624830594652074
937BE863-3F1B-11E8-A5CB-3FA3753A265A,EVENT_RECVFROM,11C65665-3DC3-11E8-A5CA-3FA3753A265A,4CB26818-219B-5F8C-BDE3-EEB532810B53,1523624830594652074
937BE863-3F1B-11E8-A5CB-3FA3753A265A,EVENT_RECVFROM,11C65665-3DC3-11E8-A5CA-3FA3753A265A,3F180D58-6D78-5D2A-8B8C-C365DD91A8C7,1523624830594652074
937BE863-3F1B-11E8-A5CB-3FA3753A265A,EVENT_RECVFROM,11C65665-3DC3-11E8-A5CA-3FA3753A265A,C9CBF694-F0A7-59D4-B0AA-999A21CB41B1,1523624830594652074
937BE863-3F1B-11E8-A5CB-3FA3753A265A,EVENT_RECVFROM,11C65665-3DC3-11E8-A5CA-3FA3753A265A,8F56A907-F3A2-5C15-9729-CB9CE5E41FFB,1523624830594652074
937BE863-3F1B-11E8-A5CB-3FA3753A265A,EVENT_RECVFROM,11C65665-3DC3-11E8-A5CA-3FA3753A265A,8769597C-C332-5DEF-8BCD-69796A8405FC,1523624830594652074
937BE863-3F1B-11E8-A5CB-3FA3753A265A,EVENT_RECVFROM,11C65665-3DC3-11E8-A5CA-3FA3753A265A,610268F3-7FB3-542F-BC8A-480CE657544A,1523624830594652074
937BE863-3F1B-11E8-A5CB-3FA3753A265A,EVENT_RECVFROM,11C65665-3DC3-11E8-A5CA-3FA3753A265A,F744C017-C619-53E5-B358-1D041CE17A40,1523624830594652074
937BE863-3F1B-11E8-A5CB-3FA3753A265A,EVENT_RECVFROM,11C65665-3DC3-11E8-A5CA-3FA3753A265A,C74D1342-0F61-59FF-AFA5-0577BD8EB434,1523624830594652074
937BE863-3F1B-11E8-A5CB-3FA3753A265A,EVENT_RECVFROM,11C65665-3DC3-11E8-A5CA-3FA3753A265A,A21BE36C-5F79-59EE-9570-6C58AC65DFF3,1523624830594652074
937BE863-3F1B-11E8-A5CB-3FA3753A265A,EVENT_RECVFROM,11C65665-3DC3-11E8-A5CA-3FA3753A265A,99B702BD-2356-5D29-B896-87E39CF829DA,1523624830604656923
937BE863-3F1B-11E8-A5CB-3FA3753A265A,EVENT_RECVFROM,11C65665-3DC3-11E8-A5CA-3FA3753A265A,13E42E2A-D4C5-5A25-BD2A-5E792D391273,1523624830604656923
937BE863-3F1B-11E8-A5CB-3FA3753A265A,EVENT_RECVFROM,11C65665-3DC3-11E8-A5CA-3FA3753A265A,D996301A-C522-541E-9E5C-3635DBBD8B80,1523624830604656923
937BE863-3F1B-11E8-A5CB-3FA3753A265A,EVENT_RECVFROM,11C65665-3DC3-11E8-A5CA-3FA3753A265A,861FE75E-EED0-5D35-8935-51B5CCEECBA1,1523624830604656923
937BE863-3F1B-11E8-A5CB-3FA3753A265A,EVENT_RECVFROM,11C65665-3DC3-11E8-A5CA-3FA3753A265A,5BC1F1D3-744D-573B-8C23-EC7AEE2468E8,1523624830604656923
937BE863-3F1B-11E8-A5CB-3FA3753A265A,EVENT_RECVFROM,11C65665-3DC3-11E8-A5CA-3FA3753A265A,74718EA3-D424-5D67-8583-B3F15AE052AA,1523624830604656923
937BE863-3F1B-11E8-A5CB-3FA3753A265A,EVENT_RECVFROM,11C65665-3DC3-11E8-A5CA-3FA3753A265A,639A1725-6A7B-51BD-BB57-07745E20ABFE,1523624830604656923
937BE863-3F1B-11E8-A5CB-3FA3753A265A,EVENT_RECVFROM,11C65665-3DC3-11E8-A5CA-3FA3753A265A,EC21A178-0503-5D82-9DE5-5D32AAC1EE77,1523624830604656923
937BE863-3F1B-11E8-A5CB-3FA3753A265A,EVENT_RECVFROM,11C65665-3DC3-11E8-A5CA-3FA3753A265A,E57A0E22-1EB9-55CF-8E81-3E867AC0B068,1523624830604656923
937BE863-3F1B-11E8-A5CB-3FA3753A265A,EVENT_RECVFROM,11C65665-3DC3-11E8-A5CA-3FA3753A265A,8D0E121E-658D-595F-ABC4-8B8F1836B385,1523624830604656923
937BE863-3F1B-11E8-A5CB-3FA3753A265A,EVENT_RECVFROM,11C65665-3DC3-11E8-A5CA-3FA3753A265A,B1600388-B886-57CA-9769-AE6F92157FA1,1523624830604656923
937BE863-3F1B-11E8-A5CB-3FA3753A265A,EVENT_RECVFROM,11C65665-3DC3-11E8-A5CA-3FA3753A265A,973D9698-8670-500B-9778-B55DEE051B22,1523624830604656923
937BE863-3F1B-11E8-A5CB-3FA3753A265A,EVENT_RECVFROM,11C65665-3DC3-11E8-A5CA-3FA3753A265A,0C8FAF80-AE1A-51E0-ADFD-780C4D024828,1523624830604656923
937BE863-3F1B-11E8-A5CB-3FA3753A265A,EVENT_RECVFROM,11C65665-3DC3-11E8-A5CA-3FA3753A265A,6E3BC200-38E9-5A84-A160-E55C07841B42,1523624830604656923
937BE863-3F1B-11E8-A5CB-3FA3753A265A,EVENT_RECVFROM,11C65665-3DC3-11E8-A5CA-3FA3753A265A,CA9F5F20-D918-5D83-8E17-9C06A151259B,1523624830604656923
937BE863-3F1B-11E8-A5CB-3FA3753A265A,EVENT_RECVFROM,11C65665-3DC3-11E8-A5CA-3FA3753A265A,E3CB6490-62CB-557C-BC99-92D0DDAD7125,1523624830604656923
937BE863-3F1B-11E8-A5CB-3FA3753A265A,EVENT_RECVFROM,11C65665-3DC3-11E8-A5CA-3FA3753A265A,76029B23-8C91-5E81-B310-314BDA4E774A,1523624830604656923
937BE863-3F1B-11E8-A5CB-3FA3753A265A,EVENT_RECVFROM,11C65665-3DC3-11E8-A5CA-3FA3753A265A,AA20F24B-7E5D-55F3-9EC5-6D9B710262BC,1523624830604656923
937BE863-3F1B-11E8-A5CB-3FA3753A265A,EVENT_RECVFROM,11C65665-3DC3-11E8-A5CA-3FA3753A265A,F4B1388C-C5C9-5D68-BDB3-5C108DE114E1,1523624830604656923
937BE863-3F1B-11E8-A5CB-3FA3753A265A,EVENT_RECVFROM,11C65665-3DC3-11E8-A5CA-3FA3753A265A,C19D3298-15D2-5BF8-87BB-BE50BDAE5932,1523624830604656923
937BE863-3F1B-11E8-A5CB-3FA3753A265A,EVENT_RECVFROM,11C65665-3DC3-11E8-A5CA-3FA3753A265A,87AB8D80-B1F6-570D-B3D1-DD963851CEA7,1523624830604656923
937BE863-3F1B-11E8-A5CB-3FA3753A265A,EVENT_RECVFROM,11C65665-3DC3-11E8-A5CA-3FA3753A265A,1F3942BF-53C9-5C9A-B8A4-382E096D7C07,1523624830614654492
937BE863-3F1B-11E8-A5CB-3FA3753A265A,EVENT_RECVFROM,11C65665-3DC3-11E8-A5CA-3FA3753A265A,D67BB1C8-AF5B-5161-8CA5-4C683661A558,1523624830614654492
937BE863-3F1B-11E8-A5CB-3FA3753A265A,EVENT_RECVFROM,11C65665-3DC3-11E8-A5CA-3FA3753A265A,87C6943F-3913-522B-B861-583F78A91D19,1523624830614654492
937BE863-3F1B-11E8-A5CB-3FA3753A265A,EVENT_RECVFROM,11C65665-3DC3-11E8-A5CA-3FA3753A265A,47A9F63A-82C3-5DB3-B6B7-C181292B20C3,1523624830614654492
937BE863-3F1B-11E8-A5CB-3FA3753A265A,EVENT_RECVFROM,11C65665-3DC3-11E8-A5CA-3FA3753A265A,316AB0CA-EC5D-56AE-B20E-DA6BCDAF8F71,1523624830614654492
937BE863-3F1B-11E8-A5CB-3FA3753A265A,EVENT_RECVFROM,11C65665-3DC3-11E8-A5CA-3FA3753A265A,03D5E6C2-E6D3-5602-85AE-4F49910C973B,1523624830614654492
937BE863-3F1B-11E8-A5CB-3FA3753A265A,EVENT_RECVFROM,11C65665-3DC3-11E8-A5CA-3FA3753A265A,F1F60980-9673-5502-9B07-B4DB0B2E6443,1523624830614654492
937BE863-3F1B-11E8-A5CB-3FA3753A265A,EVENT_RECVFROM,11C65665-3DC3-11E8-A5CA-3FA3753A265A,B5B69D02-4743-50ED-9415-78BC78D36D89,1523624830614654492
937BE863-3F1B-11E8-A5CB-3FA3753A265A,EVENT_RECVFROM,11C65665-3DC3-11E8-A5CA-3FA3753A265A,6C09945E-D762-5103-A2D7-AC821845280B,1523624830614654492
937BE863-3F1B-11E8-A5CB-3FA3753A265A,EVENT_RECVFROM,11C65665-3DC3-11E8-A5CA-3FA3753A265A,85BE610B-A76B-5970-B51C-58D4C3829E7D,1523624830614654492
937BE863-3F1B-11E8-A5CB-3FA3753A265A,EVENT_RECVFROM,11C65665-3DC3-11E8-A5CA-3FA3753A265A,D5E95D6A-BF0F-5554-BFCE-7FB5CF43147F,1523624830614654492
937BE863-3F1B-11E8-A5CB-3FA3753A265A,EVENT_RECVFROM,11C65665-3DC3-11E8-A5CA-3FA3753A265A,5A18ED0C-A64C-5D39-A674-62D5F57CA6CB,1523624830614654492
937BE863-3F1B-11E8-A5CB-3FA3753A265A,EVENT_RECVFROM,11C65665-3DC3-11E8-A5CA-3FA3753A265A,945CA1A0-91C5-51EC-8FE9-7A36C723B72F,1523624830614654492
937BE863-3F1B-11E8-A5CB-3FA3753A265A,EVENT_RECVFROM,11C65665-3DC3-11E8-A5CA-3FA3753A265A,6557E638-CF1A-50F9-AB90-0C7EF1F11C0F,1523624830614654492
937BE863-3F1B-11E8-A5CB-3FA3753A265A,EVENT_RECVFROM,11C65665-3DC3-11E8-A5CA-3FA3753A265A,519720EB-7D31-535E-8909-89310ACF1CAA,1523624830614654492
937BE863-3F1B-11E8-A5CB-3FA3753A265A,EVENT_RECVFROM,11C65665-3DC3-11E8-A5CA-3FA3753A265A,F0BCD268-445F-5E54-A0A4-7A203731B0C2,1523624830614654492
937BE863-3F1B-11E8-A5CB-3FA3753A265A,EVENT_RECVFROM,11C65665-3DC3-11E8-A5CA-3FA3753A265A,722826EF-5B3C-57C8-9F96-0920B8502969,1523624830614654492
937BE863-3F1B-11E8-A5CB-3FA3753A265A,EVENT_RECVFROM,11C65665-3DC3-11E8-A5CA-3FA3753A265A,138860B0-BF2D-51E2-BA13-FE4AC11D8915,1523624830614654492
937BE863-3F1B-11E8-A5CB-3FA3753A265A,EVENT_RECVFROM,11C65665-3DC3-11E8-A5CA-3FA3753A265A,7551A967-6108-5241-A562-C45A8D403AFC,1523624830614654492
937BE863-3F1B-11E8-A5CB-3FA3753A265A,EVENT_RECVFROM,11C65665-3DC3-11E8-A5CA-3FA3753A265A,B59DCD32-507B-5014-BC34-6054BF17EF68,1523624830614654492
937BE863-3F1B-11E8-A5CB-3FA3753A265A,EVENT_RECVFROM,11C65665-3DC3-11E8-A5CA-3FA3753A265A,B36ADACA-AE0E-5380-9A52-AD164D046F2A,1523624830614654492
937BE863-3F1B-11E8-A5CB-3FA3753A265A,EVENT_RECVFROM,11C65665-3DC3-11E8-A5CA-3FA3753A265A,C7FC1A25-F990-53D4-80FA-EE833D0E6FEC,1523624830624653031
937BE863-3F1B-11E8-A5CB-3FA3753A265A,EVENT_RECVFROM,11C65665-3DC3-11E8-A5CA-3FA3753A265A,CFFF117D-1B05-5362-8B5F-8F73797FEA37,1523624830624653031
937BE863-3F1B-11E8-A5CB-3FA3753A265A,EVENT_RECVFROM,11C65665-3DC3-11E8-A5CA-3FA3753A265A,FF550414-175F-59F2-BAB6-3753DF99F6EA,1523624830624653031
937BE863-3F1B-11E8-A5CB-3FA3753A265A,EVENT_RECVFROM,11C65665-3DC3-11E8-A5CA-3FA3753A265A,79C2C148-E966-52A3-9CBE-41A76618FE10,1523624830624653031
937BE863-3F1B-11E8-A5CB-3FA3753A265A,EVENT_RECVFROM,11C65665-3DC3-11E8-A5CA-3FA3753A265A,9CA39B3F-9768-588D-BF8B-12F15C696E3C,1523624830624653031
937BE863-3F1B-11E8-A5CB-3FA3753A265A,EVENT_RECVFROM,11C65665-3DC3-11E8-A5CA-3FA3753A265A,C3C8FBEB-C0C9-5536-9E2F-B4963177B323,1523624830624653031
937BE863-3F1B-11E8-A5CB-3FA3753A265A,EVENT_RECVFROM,11C65665-3DC3-11E8-A5CA-3FA3753A265A,6139AB02-4FA5-556F-923B-8D343206F685,1523624830624653031
937BE863-3F1B-11E8-A5CB-3FA3753A265A,EVENT_RECVFROM,11C65665-3DC3-11E8-A5CA-3FA3753A265A,4BE1CF69-06ED-58BF-A74D-CD3B4145D3DA,1523624830624653031
937BE863-3F1B-11E8-A5CB-3FA3753A265A,EVENT_RECVFROM,11C65665-3DC3-11E8-A5CA-3FA3753A265A,3C03D6E0-38FF-58AA-BE93-E7763690A9F6,1523624830624653031
937BE863-3F1B-11E8-A5CB-3FA3753A265A,EVENT_RECVFROM,11C65665-3DC3-11E8-A5CA-3FA3753A265A,0813AD4A-004D-5F2F-B1AC-6647FADD0A47,1523624830624653031
937BE863-3F1B-11E8-A5CB-3FA3753A265A,EVENT_RECVFROM,11C65665-3DC3-11E8-A5CA-3FA3753A265A,E7D963AE-E137-5E2A-9D58-1340863E163E,1523624830624653031
937BE863-3F1B-11E8-A5CB-3FA3753A265A,EVENT_RECVFROM,11C65665-3DC3-11E8-A5CA-3FA3753A265A,7C12F737-A663-5376-A2A9-EADDB4B06111,1523624830624653031
937BE863-3F1B-11E8-A5CB-3FA3753A265A,EVENT_RECVFROM,11C65665-3DC3-11E8-A5CA-3FA3753A265A,B3D49717-7255-5011-8BB7-786DF737F133,1523624830624653031
937BE863-3F1B-11E8-A5CB-3FA3753A265A,EVENT_RECVFROM,11C65665-3DC3-11E8-A5CA-3FA3753A265A,F1E5B9E3-C699-51C1-9160-22D5DF6B69C5,1523624830624653031
937BE863-3F1B-11E8-A5CB-3FA3753A265A,EVENT_RECVFROM,11C65665-3DC3-11E8-A5CA-3FA3753A265A,402AE4B4-6533-5F57-9626-FF63DFA64ABD,1523624830624653031
937BE863-3F1B-11E8-A5CB-3FA3753A265A,EVENT_RECVFROM,11C65665-3DC3-11E8-A5CA-3FA3753A265A,611F00ED-E666-5C0D-A016-533DED020E23,1523624830624653031
937BE863-3F1B-11E8-A5CB-3FA3753A265A,EVENT_RECVFROM,11C65665-3DC3-11E8-A5CA-3FA3753A265A,BFC3DE53-F528-55D9-8D93-197A86DF2A94,1523624830624653031
937BE863-3F1B-11E8-A5CB-3FA3753A265A,EVENT_RECVFROM,11C65665-3DC3-11E8-A5CA-3FA3753A265A,8D5B2CB7-4595-529B-8125-88898E54CD22,1523624830624653031
937BE863-3F1B-11E8-A5CB-3FA3753A265A,EVENT_RECVFROM,11C65665-3DC3-11E8-A5CA-3FA3753A265A,096536F4-913B-5C62-ADD9-09AE258338C9,1523624830624653031
937BE863-3F1B-11E8-A5CB-3FA3753A265A,EVENT_RECVFROM,11C65665-3DC3-11E8-A5CA-3FA3753A265A,71A6750F-6C28-5315-A593-E0E8CB7D752A,1523624830624653031
937BE863-3F1B-11E8-A5CB-3FA3753A265A,EVENT_RECVFROM,11C65665-3DC3-11E8-A5CA-3FA3753A265A,1376C8CC-4D5A-541A-BD02-A449BCC2FDF8,1523624830624653031
937BE863-3F1B-11E8-A5CB-3FA3753A265A,EVENT_RECVFROM,11C65665-3DC3-11E8-A5CA-3FA3753A265A,5BAF3BCD-9205-5317-A9F3-199C4F2563A1,1523624830634650430
937BE863-3F1B-11E8-A5CB-3FA3753A265A,EVENT_RECVFROM,11C65665-3DC3-11E8-A5CA-3FA3753A265A,069722CE-C7DF-56D1-870F-B3A332BDAC7E,1523624830634650430
937BE863-3F1B-11E8-A5CB-3FA3753A265A,EVENT_RECVFROM,11C65665-3DC3-11E8-A5CA-3FA3753A265A,BF3549B3-AF69-5093-A2DF-E16D4DB30A72,1523624830634650430
937BE863-3F1B-11E8-A5CB-3FA3753A265A,EVENT_RECVFROM,11C65665-3DC3-11E8-A5CA-3FA3753A265A,C2DEAEDE-ECD3-5F9E-8CB5-A21355738D0E,1523624830634650430
937BE863-3F1B-11E8-A5CB-3FA3753A265A,EVENT_RECVFROM,11C65665-3DC3-11E8-A5CA-3FA3753A265A,02E1C6B8-7097-5803-AD3D-E235AA567DA9,1523624830634650430
937BE863-3F1B-11E8-A5CB-3FA3753A265A,EVENT_RECVFROM,11C65665-3DC3-11E8-A5CA-3FA3753A265A,D8E85FDF-039A-58E1-A0FC-ED5DA5D5E21C,1523624830634650430
937BE863-3F1B-11E8-A5CB-3FA3753A265A,EVENT_RECVFROM,11C65665-3DC3-11E8-A5CA-3FA3753A265A,D719149C-02D7-5771-8077-8F53FF4B5C6A,1523624830634650430
937BE863-3F1B-11E8-A5CB-3FA3753A265A,EVENT_RECVFROM,11C65665-3DC3-11E8-A5CA-3FA3753A265A,F41E71DD-78D4-58EE-B35A-2A53EDA6DDEF,1523624830634650430
937BE863-3F1B-11E8-A5CB-3FA3753A265A,EVENT_RECVFROM,11C65665-3DC3-11E8-A5CA-3FA3753A265A,DF401BDB-E6AE-5EFD-A2E3-C52F6FF16321,1523624830634650430
937BE863-3F1B-11E8-A5CB-3FA3753A265A,EVENT_RECVFROM,11C65665-3DC3-11E8-A5CA-3FA3753A265A,1352683A-71CD-5C21-B769-1C062CF36677,1523624830634650430
937BE863-3F1B-11E8-A5CB-3FA3753A265A,EVENT_RECVFROM,11C65665-3DC3-11E8-A5CA-3FA3753A265A,D83FF7A8-2091-53A0-A900-1670630EE33B,1523624830634650430
937BE863-3F1B-11E8-A5CB-3FA3753A265A,EVENT_RECVFROM,11C65665-3DC3-11E8-A5CA-3FA3753A265A,A60FC84F-92D8-576F-90B2-4ECE51211A6B,1523624830634650430
937BE863-3F1B-11E8-A5CB-3FA3753A265A,EVENT_RECVFROM,11C65665-3DC3-11E8-A5CA-3FA3753A265A,39CDE7FB-59FD-5764-820C-BF7D63F9A962,1523624830634650430
937BE863-3F1B-11E8-A5CB-3FA3753A265A,EVENT_RECVFROM,11C65665-3DC3-11E8-A5CA-3FA3753A265A,66E3EB69-53CB-52E7-9E90-C1C0AE414CED,1523624830634650430
937BE863-3F1B-11E8-A5CB-3FA3753A265A,EVENT_RECVFROM,11C65665-3DC3-11E8-A5CA-3FA3753A265A,E3BF4C20-2C20-5ACA-A039-7F9E62679680,1523624830634650430
937BE863-3F1B-11E8-A5CB-3FA3753A265A,EVENT_RECVFROM,11C65665-3DC3-11E8-A5CA-3FA3753A265A,2EB4A94A-4AAC-52A9-B2B2-F121F30BB8CB,1523624830634650430
937BE863-3F1B-11E8-A5CB-3FA3753A265A,EVENT_RECVFROM,11C65665-3DC3-11E8-A5CA-3FA3753A265A,772DD22B-426D-5716-83FF-C3019532A4B1,1523624830634650430
937BE863-3F1B-11E8-A5CB-3FA3753A265A,EVENT_RECVFROM,11C65665-3DC3-11E8-A5CA-3FA3753A265A,6D30C408-69FC-5002-86D0-ED5562BF38D3,1523624830634650430
937BE863-3F1B-11E8-A5CB-3FA3753A265A,EVENT_RECVFROM,11C65665-3DC3-11E8-A5CA-3FA3753A265A,D05D011F-A848-5899-99E1-CFF9559F5515,1523624830634650430
937BE863-3F1B-11E8-A5CB-3FA3753A265A,EVENT_RECVFROM,11C65665-3DC3-11E8-A5CA-3FA3753A265A,DB6164AA-1D65-5318-8642-145FB50CAE8E,1523624830634650430
937BE863-3F1B-11E8-A5CB-3FA3753A265A,EVENT_RECVFROM,11C65665-3DC3-11E8-A5CA-3FA3753A265A,72ECCE29-BFBA-5F01-BDBE-37282AAF0D3F,1523624830634650430
937BE863-3F1B-11E8-A5CB-3FA3753A265A,EVENT_RECVFROM,11C65665-3DC3-11E8-A5CA-3FA3753A265A,AD461AB4-EF27-5DF0-9D70-D7DF62A2A98F,1523624830634650430
937BE863-3F1B-11E8-A5CB-3FA3753A265A,EVENT_RECVFROM,11C65665-3DC3-11E8-A5CA-3FA3753A265A,8A253C4A-E3A5-586B-BDF3-8292A8E231EB,1523624830644652709
937BE863-3F1B-11E8-A5CB-3FA3753A265A,EVENT_RECVFROM,11C65665-3DC3-11E8-A5CA-3FA3753A265A,4024AD87-E08B-555A-A4C0-506A30C57368,1523624830644652709
937BE863-3F1B-11E8-A5CB-3FA3753A265A,EVENT_RECVFROM,11C65665-3DC3-11E8-A5CA-3FA3753A265A,64CA73C6-87F9-5807-9ACA-8E8A43097C97,1523624830644652709
937BE863-3F1B-11E8-A5CB-3FA3753A265A,EVENT_RECVFROM,11C65665-3DC3-11E8-A5CA-3FA3753A265A,C9A462A1-D771-5B46-B6A3-6E5EF41ECC4B,1523624830644652709
937BE863-3F1B-11E8-A5CB-3FA3753A265A,EVENT_RECVFROM,11C65665-3DC3-11E8-A5CA-3FA3753A265A,7038C134-1210-527B-AB9E-BF6BFA8AE345,1523624830644652709
937BE863-3F1B-11E8-A5CB-3FA3753A265A,EVENT_RECVFROM,11C65665-3DC3-11E8-A5CA-3FA3753A265A,D1474BF1-3953-5D1B-BF12-91AE199A3021,1523624830644652709
937BE863-3F1B-11E8-A5CB-3FA3753A265A,EVENT_RECVFROM,11C65665-3DC3-11E8-A5CA-3FA3753A265A,FE9C2C7D-D95E-5071-B339-7CB8C2953C48,1523624830644652709
937BE863-3F1B-11E8-A5CB-3FA3753A265A,EVENT_RECVFROM,11C65665-3DC3-11E8-A5CA-3FA3753A265A,8DD1B201-32B7-5012-BE1F-30BAE2031A24,1523624830644652709
937BE863-3F1B-11E8-A5CB-3FA3753A265A,EVENT_RECVFROM,11C65665-3DC3-11E8-A5CA-3FA3753A265A,DA648554-9E44-5A04-8237-DDF8F5C7647F,1523624830644652709
937BE863-3F1B-11E8-A5CB-3FA3753A265A,EVENT_RECVFROM,11C65665-3DC3-11E8-A5CA-3FA3753A265A,BE673024-1A86-5E8F-99CB-918D84AA63C7,1523624830644652709
937BE863-3F1B-11E8-A5CB-3FA3753A265A,EVENT_RECVFROM,11C65665-3DC3-11E8-A5CA-3FA3753A265A,8F862C54-AAD4-5D73-B969-3B3A76A43FBC,1523624830644652709
937BE863-3F1B-11E8-A5CB-3FA3753A265A,EVENT_RECVFROM,11C65665-3DC3-11E8-A5CA-3FA3753A265A,081D745C-8F50-50BD-9642-A3ECD05D2ED7,1523624830644652709
937BE863-3F1B-11E8-A5CB-3FA3753A265A,EVENT_RECVFROM,11C65665-3DC3-11E8-A5CA-3FA3753A265A,C77E5F17-A53C-541F-8126-2139B601D65F,1523624830644652709
937BE863-3F1B-11E8-A5CB-3FA3753A265A,EVENT_RECVFROM,11C65665-3DC3-11E8-A5CA-3FA3753A265A,A9678178-33CF-5A86-B7FD-BD398E02DE26,1523624830644652709
937BE863-3F1B-11E8-A5CB-3FA3753A265A,EVENT_RECVFROM,11C65665-3DC3-11E8-A5CA-3FA3753A265A,E107AC86-F1D3-58AD-A530-922D67BEB82E,1523624830644652709
937BE863-3F1B-11E8-A5CB-3FA3753A265A,EVENT_RECVFROM,11C65665-3DC3-11E8-A5CA-3FA3753A265A,64D01726-5630-5DF1-A0E5-8A665928CC2C,1523624830644652709
937BE863-3F1B-11E8-A5CB-3FA3753A265A,EVENT_RECVFROM,11C65665-3DC3-11E8-A5CA-3FA3753A265A,1CEC5506-9A4A-59F1-9C9B-77BA2C9898E9,1523624830644652709
937BE863-3F1B-11E8-A5CB-3FA3753A265A,EVENT_RECVFROM,11C65665-3DC3-11E8-A5CA-3FA3753A265A,4FEF8121-AC53-59D3-9C29-571CC1CDF0A8,1523624830644652709
937BE863-3F1B-11E8-A5CB-3FA3753A265A,EVENT_RECVFROM,11C65665-3DC3-11E8-A5CA-3FA3753A265A,43F7A7DD-1C53-579A-88C4-72DD155F4FB9,1523624830644652709
937BE863-3F1B-11E8-A5CB-3FA3753A265A,EVENT_RECVFROM,11C65665-3DC3-11E8-A5CA-3FA3753A265A,4FB82A02-0F2D-5D71-A5DF-D237FFC8F90C,1523624830654656058
937BE863-3F1B-11E8-A5CB-3FA3753A265A,EVENT_RECVFROM,11C65665-3DC3-11E8-A5CA-3FA3753A265A,488E93AB-0B1D-5775-9E6B-1299BF3BE5F3,1523624830654656058
937BE863-3F1B-11E8-A5CB-3FA3753A265A,EVENT_RECVFROM,11C65665-3DC3-11E8-A5CA-3FA3753A265A,59D6E776-AB3E-5EF9-9AA3-5A145147ABBE,1523624830654656058
937BE863-3F1B-11E8-A5CB-3FA3753A265A,EVENT_RECVFROM,11C65665-3DC3-11E8-A5CA-3FA3753A265A,68CCE0B9-957F-586A-8307-869D0A85E54F,1523624830654656058
937BE863-3F1B-11E8-A5CB-3FA3753A265A,EVENT_RECVFROM,11C65665-3DC3-11E8-A5CA-3FA3753A265A,42C6C918-A0F4-57E9-A4A3-B8BA8D320AB7,1523624830654656058
937BE863-3F1B-11E8-A5CB-3FA3753A265A,EVENT_RECVFROM,11C65665-3DC3-11E8-A5CA-3FA3753A265A,D2C5A60B-FA2D-511F-87E1-2E3A1D3CD85D,1523624830654656058
937BE863-3F1B-11E8-A5CB-3FA3753A265A,EVENT_RECVFROM,11C65665-3DC3-11E8-A5CA-3FA3753A265A,4035F58F-43C0-5656-AB2F-90071C40E097,1523624830654656058
937BE863-3F1B-11E8-A5CB-3FA3753A265A,EVENT_RECVFROM,11C65665-3DC3-11E8-A5CA-3FA3753A265A,502E07E1-4023-5860-95A7-29E863AE170D,1523624830654656058
937BE863-3F1B-11E8-A5CB-3FA3753A265A,EVENT_RECVFROM,11C65665-3DC3-11E8-A5CA-3FA3753A265A,190071EF-F807-5393-89D4-D850D040C5E8,1523624830654656058
937BE863-3F1B-11E8-A5CB-3FA3753A265A,EVENT_RECVFROM,11C65665-3DC3-11E8-A5CA-3FA3753A265A,F063D05E-F030-5E27-AE82-1CC61D16DDA8,1523624830654656058
11C65665-3DC3-11E8-A5CA-3FA3753A265A,EVENT_CONNECT,93A2D6AC-3F1B-11E8-A5CB-3FA3753A265A,59984B3F-46B2-5B34-BADF-0A85F939F8E3,1523624830834653379
416AB837-8E42-6D58-828E-6976586D8E68,EVENT_OPEN,11C65665-3DC3-11E8-A5CA-3FA3753A265A,F2FAF4B8-FDC0-5B50-8836-6F269CD4B809,1523624830834653379
416AB837-8E42-6D58-828E-6976586D8E68,EVENT_READ,11C65665-3DC3-11E8-A5CA-3FA3753A265A,B80ED5FC-B378-5A0F-94B0-D18430CC1742,1523624830834653379
11C65665-3DC3-11E8-A5CA-3FA3753A265A,EVENT_CLOSE,416AB837-8E42-6D58-828E-6976586D8E68,133D54C6-4B2E-5B21-9657-04BA3CAFB920,1523624830834653379
11C65665-3DC3-11E8-A5CA-3FA3753A265A,EVENT_SENDTO,93A2D6AC-3F1B-11E8-A5CB-3FA3753A265A,F6A0543B-3958-51CD-B8D1-C8BA519DC1CE,1523624830834653379
11C65665-3DC3-11E8-A5CA-3FA3753A265A,EVENT_SENDTO,93A2D6AC-3F1B-11E8-A5CB-3FA3753A265A,4AD4F198-A27E-530A-B96A-7C456274B971,1523624830834653379
11C65665-3DC3-11E8-A5CA-3FA3753A265A,EVENT_WRITE,CC47847C-4B33-915B-B34B-79E64B9162AE,989B0579-9B22-5249-B513-968359501819,1523624830854650896
11C65665-3DC3-11E8-A5CA-3FA3753A265A,EVENT_WRITE,93A5B33F-3F1B-11E8-A5CB-3FA3753A265A,9B733054-B681-59FD-9DD7-E99EF23A5AA0,1523624830854650896
93A5B33F-3F1B-11E8-A5CB-3FA3753A265A,EVENT_RECVFROM,11C65665-3DC3-11E8-A5CA-3FA3753A265A,136B2D37-E57B-5819-B30F-B68F5E4F4DF2,1523624830874650564
11C65665-3DC3-11E8-A5CA-3FA3753A265A,EVENT_CLOSE,93A5B33F-3F1B-11E8-A5CB-3FA3753A265A,22CBDF84-94D0-5560-9DF3-848A510F3889,1523624830874650564
11C65665-3DC3-11E8-A5CA-3FA3753A265A,EVENT_WRITE,937BA111-3F1B-11E8-A5CB-3FA3753A265A,FB6692E4-8780-5DDD-96CB-06FEBB411587,1523624830874650564
93A2D6AC-3F1B-11E8-A5CB-3FA3753A265A,EVENT_RECVFROM,11C65665-3DC3-11E8-A5CA-3FA3753A265A,3A337146-4099-550A-AC29-A90AB45324D4,1523624830874650564
93A2D6AC-3F1B-11E8-A5CB-3FA3753A265A,EVENT_RECVFROM,11C65665-3DC3-11E8-A5CA-3FA3753A265A,A2F28EDC-B16B-5B38-8BC4-959E688B115E,1523624830874650564
11C65665-3DC3-11E8-A5CA-3FA3753A265A,EVENT_WRITE,000536C6-0C8E-175E-8E0C-C1F5FE178C7C,C8F0B775-AFF5-52F3-9916-7FA9CB307F0A,1523624830874650564
11C65665-3DC3-11E8-A5CA-3FA3753A265A,EVENT_WRITE,CC47847C-4B33-915B-B34B-79E64B9162AE,C368C369-A696-5D5E-ADCE-F81A9B9870B2,1523624830874650564
11C65665-3DC3-11E8-A5CA-3FA3753A265A,EVENT_SENDTO,93A2D6AC-3F1B-11E8-A5CB-3FA3753A265A,C65430C8-0D85-5B46-A342-30F5EE3732E8,1523624830874650564
11C65665-3DC3-11E8-A5CA-3FA3753A265A,EVENT_CLOSE,937BA111-3F1B-11E8-A5CB-3FA3753A265A,5BD9ED14-65C8-50D4-A250-6FB801881393,1523624830874650564
11C65665-3DC3-11E8-A5CA-3FA3753A265A,EVENT_SENDTO,93A2D6AC-3F1B-11E8-A5CB-3FA3753A265A,0DC7D789-2FF1-5BC4-B069-A8F225B2BC81,1523624830874650564
93A2D6AC-3F1B-11E8-A5CB-3FA3753A265A,EVENT_RECVFROM,11C65665-3DC3-11E8-A5CA-3FA3753A265A,478129B1-28C2-5865-A6D7-90D89EBCB823,1523624890924659069
93A2D6AC-3F1B-11E8-A5CB-3FA3753A265A,EVENT_RECVFROM,11C65665-3DC3-11E8-A5CA-3FA3753A265A,CC9CE628-73EC-5CCA-B128-0BF27F745AF6,1523624890964654315
4F66A7D8-7695-7051-9576-684791704F29,EVENT_OPEN,11C65665-3DC3-11E8-A5CA-3FA3753A265A,C60EDBFB-8C03-578F-91B4-A1CA7EDEB48B,1523624891064652754
4F66A7D8-7695-7051-9576-684791704F29,EVENT_LSEEK,11C65665-3DC3-11E8-A5CA-3FA3753A265A,8D75915F-AC3F-5DEF-815B-46BFAADCAABE,1523624891064652754
4F66A7D8-7695-7051-9576-684791704F29,EVENT_LSEEK,11C65665-3DC3-11E8-A5CA-3FA3753A265A,83D245F3-24C7-5387-99E4-7A37035CDA40,1523624891064652754
4F66A7D8-7695-7051-9576-684791704F29,EVENT_READ,11C65665-3DC3-11E8-A5CA-3FA3753A265A,ABFF52E9-517B-5000-AF39-9B529A507002,1523624891064652754
11C65665-3DC3-11E8-A5CA-3FA3753A265A,EVENT_CLOSE,4F66A7D8-7695-7051-9576-684791704F29,96E804BE-B9E5-5843-B776-5EA7208D9A55,1523624891064652754
11C65665-3DC3-11E8-A5CA-3FA3753A265A,EVENT_SENDTO,93A2D6AC-3F1B-11E8-A5CB-3FA3753A265A,BEA9C84F-C827-5C56-B1B3-D2466BB07A41,1523624891064652754
11C65665-3DC3-11E8-A5CA-3FA3753A265A,EVENT_SENDTO,93A2D6AC-3F1B-11E8-A5CB-3FA3753A265A,F966E2F2-8E0F-5496-A591-3C1AE42C5D02,1523624891064652754
93A2D6AC-3F1B-11E8-A5CB-3FA3753A265A,EVENT_RECVFROM,11C65665-3DC3-11E8-A5CA-3FA3753A265A,D95E520E-82CC-508F-9AC6-C648AF4A6EE8,1523624893224648872
93A2D6AC-3F1B-11E8-A5CB-3FA3753A265A,EVENT_RECVFROM,11C65665-3DC3-11E8-A5CA-3FA3753A265A,5C1F94E2-1C67-5F24-B526-42093FEB8FD4,1523624893224648872
11C65665-3DC3-11E8-A5CA-3FA3753A265A,EVENT_SENDTO,93A2D6AC-3F1B-11E8-A5CB-3FA3753A265A,F35B84B6-2788-50FB-B3F0-B7D9455C3B2D,1523624893324649112
11C65665-3DC3-11E8-A5CA-3FA3753A265A,EVENT_SENDTO,93A2D6AC-3F1B-11E8-A5CB-3FA3753A265A,72A9B56B-9527-5908-B214-E33AABDA0E7D,1523624893324649112
93A2D6AC-3F1B-11E8-A5CB-3FA3753A265A,EVENT_RECVFROM,11C65665-3DC3-11E8-A5CA-3FA3753A265A,7232078E-0F43-5DD3-9F7C-F4E094D31BC3,1523624919724648476
93A2D6AC-3F1B-11E8-A5CB-3FA3753A265A,EVENT_RECVFROM,11C65665-3DC3-11E8-A5CA-3FA3753A265A,A8B9E764-3646-5461-BD49-7B2D42AEEB5E,1523624919724648476
11C65665-3DC3-11E8-A5CA-3FA3753A265A,EVENT_MODIFY_PROCESS,11C65665-3DC3-11E8-A5CA-3FA3753A265A,5868BCBA-7883-5A03-BFD2-DB821201F25A,1523624919794647399
11C65665-3DC3-11E8-A5CA-3FA3753A265A,EVENT_SENDTO,93A2D6AC-3F1B-11E8-A5CB-3FA3753A265A,ABBD4A65-C1BB-59FC-A0D5-8F92F4CF7893,1523624919794647399
11C65665-3DC3-11E8-A5CA-3FA3753A265A,EVENT_SENDTO,93A2D6AC-3F1B-11E8-A5CB-3FA3753A265A,B5B84A07-ECCB-595F-BFE4-CC8351BD7147,1523624919794647399
93A2D6AC-3F1B-11E8-A5CB-3FA3753A265A,EVENT_RECVFROM,11C65665-3DC3-11E8-A5CA-3FA3753A265A,20A27614-FC81-5788-A9A6-502E2F315D07,1523624920524647310
93A2D6AC-3F1B-11E8-A5CB-3FA3753A265A,EVENT_RECVFROM,11C65665-3DC3-11E8-A5CA-3FA3753A265A,874CD656-30E5-5E23-B94D-BDCB1548E2A9,1523624920524647310
3209A26F-A6EF-0350-AFA6-B1BD1003D390,EVENT_OPEN,11C65665-3DC3-11E8-A5CA-3FA3753A265A,1ED89785-1CF6-5B3A-8733-FB6DB3DC627E,1523624920624650100
3209A26F-A6EF-0350-AFA6-B1BD1003D390,EVENT_OPEN,11C65665-3DC3-11E8-A5CA-3FA3753A265A,4F489B25-42E5-5697-882F-6AA417D5F661,1523624920624650100
11C65665-3DC3-11E8-A5CA-3FA3753A265A,EVENT_SENDTO,93A2D6AC-3F1B-11E8-A5CB-3FA3753A265A,273B59EB-3BB2-5CBD-A40D-962CB2B79044,1523624920624650100
11C65665-3DC3-11E8-A5CA-3FA3753A265A,EVENT_SENDTO,93A2D6AC-3F1B-11E8-A5CB-3FA3753A265A,16C9D2A6-9A71-536B-93C9-5D25C6793189,1523624920624650100
11C65665-3DC3-11E8-A5CA-3FA3753A265A,EVENT_CLOSE,3209A26F-A6EF-0350-AFA6-B1BD1003D390,7149F7D9-1137-53D0-ACDB-896F5FC916A0,1523624920624650100
93A2D6AC-3F1B-11E8-A5CB-3FA3753A265A,EVENT_RECVFROM,11C65665-3DC3-11E8-A5CA-3FA3753A265A,29A7B536-7D5D-5E26-8EF0-6C7E24A4534D,1523625006224646680
93A2D6AC-3F1B-11E8-A5CB-3FA3753A265A,EVENT_RECVFROM,11C65665-3DC3-11E8-A5CA-3FA3753A265A,CA634C08-6943-54B5-9AC1-4E44166D76F4,1523625006234649329
93A2D6AC-3F1B-11E8-A5CB-3FA3753A265A,EVENT_RECVFROM,11C65665-3DC3-11E8-A5CA-3FA3753A265A,A97E54E9-AB1A-5C5A-8537-207B3EE92B24,1523625006234649329
93A2D6AC-3F1B-11E8-A5CB-3FA3753A265A,EVENT_RECVFROM,11C65665-3DC3-11E8-A5CA-3FA3753A265A,8F259135-E3CF-5DBC-9E2C-C948D6C3D94D,1523625006234649329
93A2D6AC-3F1B-11E8-A5CB-3FA3753A265A,EVENT_RECVFROM,11C65665-3DC3-11E8-A5CA-3FA3753A265A,B9CFDA25-628B-5A6B-A73B-50ACA8FC6D45,1523625006234649329
93A2D6AC-3F1B-11E8-A5CB-3FA3753A265A,EVENT_RECVFROM,11C65665-3DC3-11E8-A5CA-3FA3753A265A,90F662E7-FF34-5965-9570-C81E37931255,1523625006324647610
93A2D6AC-3F1B-11E8-A5CB-3FA3753A265A,EVENT_RECVFROM,11C65665-3DC3-11E8-A5CA-3FA3753A265A,0FECEFE4-3D1E-5E61-A33C-0CF6523C7B1C,1523625006324647610
93A2D6AC-3F1B-11E8-A5CB-3FA3753A265A,EVENT_RECVFROM,11C65665-3DC3-11E8-A5CA-3FA3753A265A,140AF8C9-D242-54CC-9CA1-E2D6BA6EE160,1523625006334648699
93A2D6AC-3F1B-11E8-A5CB-3FA3753A265A,EVENT_RECVFROM,11C65665-3DC3-11E8-A5CA-3FA3753A265A,9DB765A3-DCE6-5D8C-A761-06964013E05F,1523625006424646109
93A2D6AC-3F1B-11E8-A5CB-3FA3753A265A,EVENT_RECVFROM,11C65665-3DC3-11E8-A5CA-3FA3753A265A,015BB307-7B5A-564D-8377-2FD21832346D,1523625006424646109
93A2D6AC-3F1B-11E8-A5CB-3FA3753A265A,EVENT_RECVFROM,11C65665-3DC3-11E8-A5CA-3FA3753A265A,CA5D7186-61C9-56BB-A105-0A28CB86BE43,1523625006434648058
93A2D6AC-3F1B-11E8-A5CB-3FA3753A265A,EVENT_RECVFROM,11C65665-3DC3-11E8-A5CA-3FA3753A265A,7F9BC8FA-7847-518D-ADE3-98ED337D92E5,1523625006524645868
93A2D6AC-3F1B-11E8-A5CB-3FA3753A265A,EVENT_RECVFROM,11C65665-3DC3-11E8-A5CA-3FA3753A265A,280655A2-60D1-5B4A-BE12-424B85C4C228,1523625006524645868
93A2D6AC-3F1B-11E8-A5CB-3FA3753A265A,EVENT_RECVFROM,11C65665-3DC3-11E8-A5CA-3FA3753A265A,C6784485-ECDD-5CB9-BF74-3C7CADEFFFE3,1523625006524645868
93A2D6AC-3F1B-11E8-A5CB-3FA3753A265A,EVENT_RECVFROM,11C65665-3DC3-11E8-A5CA-3FA3753A265A,DA36FFB8-B2B5-5E10-A002-1E2A14429D22,1523625006624648757
93A2D6AC-3F1B-11E8-A5CB-3FA3753A265A,EVENT_RECVFROM,11C65665-3DC3-11E8-A5CA-3FA3753A265A,93ECBE5C-5C02-5099-B16C-B77FB9C3414D,1523625006624648757
93A2D6AC-3F1B-11E8-A5CB-3FA3753A265A,EVENT_RECVFROM,11C65665-3DC3-11E8-A5CA-3FA3753A265A,96818F25-5301-52A8-9A5C-0084EC6B6BF8,1523625006624648757
93A2D6AC-3F1B-11E8-A5CB-3FA3753A265A,EVENT_RECVFROM,11C65665-3DC3-11E8-A5CA-3FA3753A265A,57A8186E-90AF-55D7-A935-D4A22BA63D58,1523625006724646977
93A2D6AC-3F1B-11E8-A5CB-3FA3753A265A,EVENT_RECVFROM,11C65665-3DC3-11E8-A5CA-3FA3753A265A,ADAFC79F-D853-5E0A-9F17-0791966B8C12,1523625006724646977
93A2D6AC-3F1B-11E8-A5CB-3FA3753A265A,EVENT_RECVFROM,11C65665-3DC3-11E8-A5CA-3FA3753A265A,8F53A718-343D-500A-A5AC-57889F19B497,1523625006824649636
93A2D6AC-3F1B-11E8-A5CB-3FA3753A265A,EVENT_RECVFROM,11C65665-3DC3-11E8-A5CA-3FA3753A265A,FFE20CB2-93CB-518A-ACA9-9DE3A1105346,1523625006824649636
93A2D6AC-3F1B-11E8-A5CB-3FA3753A265A,EVENT_RECVFROM,11C65665-3DC3-11E8-A5CA-3FA3753A265A,53AA8242-F98F-54DE-8DEF-0820AB21C1D9,1523625006924647735
93A2D6AC-3F1B-11E8-A5CB-3FA3753A265A,EVENT_RECVFROM,11C65665-3DC3-11E8-A5CA-3FA3753A265A,D1B19CF4-020F-59E4-B81E-B05116BAD5FD,1523625006924647735
93A2D6AC-3F1B-11E8-A5CB-3FA3753A265A,EVENT_RECVFROM,11C65665-3DC3-11E8-A5CA-3FA3753A265A,94135489-0E4D-5E94-BBF3-325760302ADF,1523625007024651074
93A2D6AC-3F1B-11E8-A5CB-3FA3753A265A,EVENT_RECVFROM,11C65665-3DC3-11E8-A5CA-3FA3753A265A,619AB87B-83E9-58E3-995F-CE73952AD02F,1523625007024651074
93A2D6AC-3F1B-11E8-A5CB-3FA3753A265A,EVENT_RECVFROM,11C65665-3DC3-11E8-A5CA-3FA3753A265A,5A8595F6-6D0C-57C9-A84D-22A13D2AD658,1523625007124650614
93A2D6AC-3F1B-11E8-A5CB-3FA3753A265A,EVENT_RECVFROM,11C65665-3DC3-11E8-A5CA-3FA3753A265A,46C64673-1503-5434-907B-18C802E7902F,1523625007124650614
93A2D6AC-3F1B-11E8-A5CB-3FA3753A265A,EVENT_RECVFROM,11C65665-3DC3-11E8-A5CA-3FA3753A265A,6DF1DC8B-C9D4-5FD7-8181-1BADC34532CD,1523625007224646363
93A2D6AC-3F1B-11E8-A5CB-3FA3753A265A,EVENT_RECVFROM,11C65665-3DC3-11E8-A5CA-3FA3753A265A,095F4FA8-75A6-5374-A53E-C58D89A1C96D,1523625007224646363
93A2D6AC-3F1B-11E8-A5CB-3FA3753A265A,EVENT_RECVFROM,11C65665-3DC3-11E8-A5CA-3FA3753A265A,A33E2B76-7BD6-5C40-A6A0-03828B31F699,1523625007324646782
93A2D6AC-3F1B-11E8-A5CB-3FA3753A265A,EVENT_RECVFROM,11C65665-3DC3-11E8-A5CA-3FA3753A265A,0B73B552-8B7B-556B-ABFD-8AE07A7A740D,1523625007324646782
93A2D6AC-3F1B-11E8-A5CB-3FA3753A265A,EVENT_RECVFROM,11C65665-3DC3-11E8-A5CA-3FA3753A265A,4A44783F-357A-5892-98E2-8B01792F3498,1523625007324646782
93A2D6AC-3F1B-11E8-A5CB-3FA3753A265A,EVENT_RECVFROM,11C65665-3DC3-11E8-A5CA-3FA3753A265A,6AFFF707-7DDF-5C41-91C0-D46EBB4573C9,1523625007424647981
93A2D6AC-3F1B-11E8-A5CB-3FA3753A265A,EVENT_RECVFROM,11C65665-3DC3-11E8-A5CA-3FA3753A265A,19D4D116-3B45-51C7-B865-5BC54B375764,1523625007424647981
93A2D6AC-3F1B-11E8-A5CB-3FA3753A265A,EVENT_RECVFROM,11C65665-3DC3-11E8-A5CA-3FA3753A265A,0D7BD89B-73E7-58BE-931F-3A06B10B06DA,1523625007524648351
93A2D6AC-3F1B-11E8-A5CB-3FA3753A265A,EVENT_RECVFROM,11C65665-3DC3-11E8-A5CA-3FA3753A265A,E6F3C7F0-81A2-5C49-8BD0-BD8DBD53E2B3,1523625007524648351
93A2D6AC-3F1B-11E8-A5CB-3FA3753A265A,EVENT_RECVFROM,11C65665-3DC3-11E8-A5CA-3FA3753A265A,2E0021CD-A854-52AA-8461-7D48906309FC,1523625007524648351
93A2D6AC-3F1B-11E8-A5CB-3FA3753A265A,EVENT_RECVFROM,11C65665-3DC3-11E8-A5CA-3FA3753A265A,A1730278-5359-5F39-B5E1-FA6AE668007D,1523625007624647160
93A2D6AC-3F1B-11E8-A5CB-3FA3753A265A,EVENT_RECVFROM,11C65665-3DC3-11E8-A5CA-3FA3753A265A,F7BEF517-B4D1-517E-9D4B-6B482BE9BB5F,1523625007624647160
93A2D6AC-3F1B-11E8-A5CB-3FA3753A265A,EVENT_RECVFROM,11C65665-3DC3-11E8-A5CA-3FA3753A265A,07C72B99-6EC1-53AE-BF93-0527E60A36DD,1523625007724649489
93A2D6AC-3F1B-11E8-A5CB-3FA3753A265A,EVENT_RECVFROM,11C65665-3DC3-11E8-A5CA-3FA3753A265A,F6ABD3DE-0D3E-5112-AC3F-A4460927E403,1523625007724649489
E5A15412-68E0-FD54-A068-DD6114FD9040,EVENT_OPEN,11C65665-3DC3-11E8-A5CA-3FA3753A265A,EC1E16E2-A3E5-535E-9FC1-7DE6A65A9EFC,1523625007794656242
11C65665-3DC3-11E8-A5CA-3FA3753A265A,EVENT_WRITE,E5A15412-68E0-FD54-A068-DD6114FD9040,470D4F2E-DBBB-5A52-BD53-FFD071687CAE,1523625007794656242
11C65665-3DC3-11E8-A5CA-3FA3753A265A,EVENT_MODIFY_FILE_ATTRIBUTES,E5A15412-68E0-FD54-A068-DD6114FD9040,DC57600D-94EF-5B7B-BAD6-F316134108F3,1523625007794656242
11C65665-3DC3-11E8-A5CA-3FA3753A265A,EVENT_SENDTO,93A2D6AC-3F1B-11E8-A5CB-3FA3753A265A,5EA89E17-A11D-5A88-980C-D2A22A1C6E17,1523625007794656242
11C65665-3DC3-11E8-A5CA-3FA3753A265A,EVENT_SENDTO,93A2D6AC-3F1B-11E8-A5CB-3FA3753A265A,17EE8E7C-05C2-52FC-A69B-65442760E21C,1523625007794656242
11C65665-3DC3-11E8-A5CA-3FA3753A265A,EVENT_CLOSE,E5A15412-68E0-FD54-A068-DD6114FD9040,8D777FF1-835C-5D4F-8BAA-60C1E7952E13,1523625007794656242
0488BCD7-3F1C-11E8-A5CB-3FA3753A265A,EVENT_CREATE_OBJECT,EC6F1E3C-792F-485D-AF79-1A832D489243,B45125D8-C40F-5DD5-A06C-F4E35F77A1FC,1523625020254646772
00C8E4E5-8BBC-D45B-BC8B-D32BABD4AFCE,EVENT_OPEN,04A9D03C-3F1C-11E8-A5CB-3FA3753A265A,017795CE-708F-5816-A4A4-5BB82CD51A62,1523625020544654540
04A9D03C-3F1C-11E8-A5CB-3FA3753A265A,EVENT_WRITE,00C8E4E5-8BBC-D45B-BC8B-D32BABD4AFCE,F67BBC8F-F0E9-55EA-A619-DFC71A50D76C,1523625020544654540
04A9D03C-3F1C-11E8-A5CB-3FA3753A265A,EVENT_WRITE,00C8E4E5-8BBC-D45B-BC8B-D32BABD4AFCE,7D1C8A1D-CE34-5D60-9216-FB92FD6FE3AC,1523625020544654540
04A9D03C-3F1C-11E8-A5CB-3FA3753A265A,EVENT_WRITE,00C8E4E5-8BBC-D45B-BC8B-D32BABD4AFCE,898C20E7-D460-56DA-8730-23914D006070,1523625020544654540
04A9D03C-3F1C-11E8-A5CB-3FA3753A265A,EVENT_WRITE,00C8E4E5-8BBC-D45B-BC8B-D32BABD4AFCE,957D9C8C-FCDA-598D-B5F0-EF2E0DBDDFC5,1523625020544654540
04A9D03C-3F1C-11E8-A5CB-3FA3753A265A,EVENT_WRITE,00C8E4E5-8BBC-D45B-BC8B-D32BABD4AFCE,1C97FA86-240B-5C70-8C11-61A157F499B6,1523625020544654540
04A9D03C-3F1C-11E8-A5CB-3FA3753A265A,EVENT_WRITE,00C8E4E5-8BBC-D45B-BC8B-D32BABD4AFCE,C1117783-B705-5C79-BA3F-B18EF7E479E6,1523625020554651989
04A9D03C-3F1C-11E8-A5CB-3FA3753A265A,EVENT_WRITE,00C8E4E5-8BBC-D45B-BC8B-D32BABD4AFCE,4A86A599-9221-5046-9425-D2DEB724EC10,1523625020554651989
04A9D03C-3F1C-11E8-A5CB-3FA3753A265A,EVENT_WRITE,00C8E4E5-8BBC-D45B-BC8B-D32BABD4AFCE,F2BB85B7-0E56-5EEA-ACEE-4FEDA3476EF8,1523625020554651989
04A9D03C-3F1C-11E8-A5CB-3FA3753A265A,EVENT_WRITE,00C8E4E5-8BBC-D45B-BC8B-D32BABD4AFCE,8636FB00-E0CB-5BC4-BA26-2C61264B85FB,1523625020554651989
04A9D03C-3F1C-11E8-A5CB-3FA3753A265A,EVENT_CLOSE,00C8E4E5-8BBC-D45B-BC8B-D32BABD4AFCE,2324CBF7-AF20-5074-A28A-DA8AD90AF3F2,1523625020554651989
04A9D03C-3F1C-11E8-A5CB-3FA3753A265A,EVENT_MODIFY_FILE_ATTRIBUTES,00C8E4E5-8BBC-D45B-BC8B-D32BABD4AFCE,022A867C-B580-5CDE-8F48-6114E48FB90E,1523625020554651989
EC6F1E3C-792F-485D-AF79-1A832D489243,EVENT_OPEN,04D83051-3F1C-11E8-A5CB-3FA3753A265A,9237DC6D-BFD6-5039-83D4-2E0D356043AD,1523625020794649114
04D83051-3F1C-11E8-A5CB-3FA3753A265A,EVENT_CLOSE,EC6F1E3C-792F-485D-AF79-1A832D489243,E7A955A6-699A-5A17-A0DD-3856F510CF1E,1523625020794649114
EC6F1E3C-792F-485D-AF79-1A832D489243,EVENT_OPEN,04EC5FB1-3F1C-11E8-A5CB-3FA3753A265A,14F89EB6-5982-56F2-A187-1FBF28320E80,1523625020904648572
04EC5FB1-3F1C-11E8-A5CB-3FA3753A265A,EVENT_CLOSE,EC6F1E3C-792F-485D-AF79-1A832D489243,9D752C3E-D1EA-51EF-9DDC-8C3A58DC1C28,1523625020904648572
04EC5FB1-3F1C-11E8-A5CB-3FA3753A265A,EVENT_UNLINK,00C8E4E5-8BBC-D45B-BC8B-D32BABD4AFCE,FE73FB73-E813-589A-9764-FB6C74D9CCDD,1523625020904648572
04EC5FB1-3F1C-11E8-A5CB-3FA3753A265A,EVENT_UNLINK,EC6F1E3C-792F-485D-AF79-1A832D489243,DC6887B1-3AB6-56EC-99D9-83D3DE70A501,1523625020914663311
93A2D6AC-3F1B-11E8-A5CB-3FA3753A265A,EVENT_RECVFROM,11C65665-3DC3-11E8-A5CA-3FA3753A265A,FEAB06E9-6DAC-5EDD-A6E6-BBFFB2F67FF9,1523625073424646712
93A2D6AC-3F1B-11E8-A5CB-3FA3753A265A,EVENT_RECVFROM,11C65665-3DC3-11E8-A5CA-3FA3753A265A,8C3D91E3-E948-515F-AF05-0CA5E7B1457E,1523625073464646167
93A2D6AC-3F1B-11E8-A5CB-3FA3753A265A,EVENT_RECVFROM,11C65665-3DC3-11E8-A5CA-3FA3753A265A,79B4BA1A-1137-5F7F-A189-4CC7F540F99B,1523625073464646167
93A2D6AC-3F1B-11E8-A5CB-3FA3753A265A,EVENT_RECVFROM,11C65665-3DC3-11E8-A5CA-3FA3753A265A,7072F6C2-B12E-5A9F-806D-EF0097DFF0DB,1523625073464646167
93A2D6AC-3F1B-11E8-A5CB-3FA3753A265A,EVENT_RECVFROM,11C65665-3DC3-11E8-A5CA-3FA3753A265A,011DAF49-B9ED-588A-AD91-DE29736AA13F,1523625073464646167
93A2D6AC-3F1B-11E8-A5CB-3FA3753A265A,EVENT_RECVFROM,11C65665-3DC3-11E8-A5CA-3FA3753A265A,7D09580B-92BB-57CF-8B53-520960846C67,1523625073524647851
93A2D6AC-3F1B-11E8-A5CB-3FA3753A265A,EVENT_RECVFROM,11C65665-3DC3-11E8-A5CA-3FA3753A265A,EEB7DD93-9A5D-54DC-928B-CB55EF2D37B3,1523625073524647851
93A2D6AC-3F1B-11E8-A5CB-3FA3753A265A,EVENT_RECVFROM,11C65665-3DC3-11E8-A5CA-3FA3753A265A,528CFC58-9169-5C77-8338-9654A081F8A3,1523625073524647851
93A2D6AC-3F1B-11E8-A5CB-3FA3753A265A,EVENT_RECVFROM,11C65665-3DC3-11E8-A5CA-3FA3753A265A,D4B6BAED-DC5C-5FEA-9786-EE30E42BA771,1523625073534655800
93A2D6AC-3F1B-11E8-A5CB-3FA3753A265A,EVENT_RECVFROM,11C65665-3DC3-11E8-A5CA-3FA3753A265A,3725E189-132F-57FA-8E6F-475EBE847EE9,1523625073634649339
93A2D6AC-3F1B-11E8-A5CB-3FA3753A265A,EVENT_RECVFROM,11C65665-3DC3-11E8-A5CA-3FA3753A265A,F0662821-7767-5FA4-83A0-4326F8389325,1523625073634649339
93A2D6AC-3F1B-11E8-A5CB-3FA3753A265A,EVENT_RECVFROM,11C65665-3DC3-11E8-A5CA-3FA3753A265A,2682DB6E-92E9-50F0-B5B7-A5478ADB14AE,1523625073634649339
93A2D6AC-3F1B-11E8-A5CB-3FA3753A265A,EVENT_RECVFROM,11C65665-3DC3-11E8-A5CA-3FA3753A265A,C511AB52-74A8-5B47-95B6-53F6124B78BF,1523625073724645359
93A2D6AC-3F1B-11E8-A5CB-3FA3753A265A,EVENT_RECVFROM,11C65665-3DC3-11E8-A5CA-3FA3753A265A,21B94D85-C157-5527-891E-4B8C8C2D5CAC,1523625073724645359
93A2D6AC-3F1B-11E8-A5CB-3FA3753A265A,EVENT_RECVFROM,11C65665-3DC3-11E8-A5CA-3FA3753A265A,A581872A-5D95-59CA-B023-02C260D65D78,1523625073724645359
93A2D6AC-3F1B-11E8-A5CB-3FA3753A265A,EVENT_RECVFROM,11C65665-3DC3-11E8-A5CA-3FA3753A265A,4D4A4941-2773-588B-A665-34FB7F441916,1523625073824647369
93A2D6AC-3F1B-11E8-A5CB-3FA3753A265A,EVENT_RECVFROM,11C65665-3DC3-11E8-A5CA-3FA3753A265A,487138E6-9E01-5BC0-87B6-AC6BE50DE085,1523625073824647369
93A2D6AC-3F1B-11E8-A5CB-3FA3753A265A,EVENT_RECVFROM,11C65665-3DC3-11E8-A5CA-3FA3753A265A,909D5A8A-A537-5119-94A9-856EF2DDBCDE,1523625073824647369
93A2D6AC-3F1B-11E8-A5CB-3FA3753A265A,EVENT_RECVFROM,11C65665-3DC3-11E8-A5CA-3FA3753A265A,DA9839DF-F5E6-546E-967C-046DA77B8018,1523625073824647369
93A2D6AC-3F1B-11E8-A5CB-3FA3753A265A,EVENT_RECVFROM,11C65665-3DC3-11E8-A5CA-3FA3753A265A,E54B1DF6-A19C-5A22-B538-565D73501CFC,1523625073924647238
93A2D6AC-3F1B-11E8-A5CB-3FA3753A265A,EVENT_RECVFROM,11C65665-3DC3-11E8-A5CA-3FA3753A265A,5AAA6EE9-434C-5CEE-96FF-6F5F4C2A80E0,1523625073924647238
93A2D6AC-3F1B-11E8-A5CB-3FA3753A265A,EVENT_RECVFROM,11C65665-3DC3-11E8-A5CA-3FA3753A265A,64831D07-95A3-5595-8E73-4A59C7B85D7D,1523625074024645067
93A2D6AC-3F1B-11E8-A5CB-3FA3753A265A,EVENT_RECVFROM,11C65665-3DC3-11E8-A5CA-3FA3753A265A,322D552B-A08E-58EA-9C1D-CC686E2A9DEF,1523625074024645067
93A2D6AC-3F1B-11E8-A5CB-3FA3753A265A,EVENT_RECVFROM,11C65665-3DC3-11E8-A5CA-3FA3753A265A,5B5BB9E5-F42B-5CF7-B4C9-BE0BC15C8909,1523625074124644586
93A2D6AC-3F1B-11E8-A5CB-3FA3753A265A,EVENT_RECVFROM,11C65665-3DC3-11E8-A5CA-3FA3753A265A,AAC4527A-A712-5BD7-A794-8C0C6A4763B1,1523625074124644586
93A2D6AC-3F1B-11E8-A5CB-3FA3753A265A,EVENT_RECVFROM,11C65665-3DC3-11E8-A5CA-3FA3753A265A,EABD47E3-870C-53EB-B32F-BD4D0E35C967,1523625074224645436
93A2D6AC-3F1B-11E8-A5CB-3FA3753A265A,EVENT_RECVFROM,11C65665-3DC3-11E8-A5CA-3FA3753A265A,AB6D2CB0-CCEE-56C0-95F0-41776B8E3D75,1523625074224645436
93A2D6AC-3F1B-11E8-A5CB-3FA3753A265A,EVENT_RECVFROM,11C65665-3DC3-11E8-A5CA-3FA3753A265A,6601CA76-06C8-5F40-80D2-D0611D395876,1523625074224645436
93A2D6AC-3F1B-11E8-A5CB-3FA3753A265A,EVENT_RECVFROM,11C65665-3DC3-11E8-A5CA-3FA3753A265A,174909B3-93C1-5803-96D9-4F38CD8DA389,1523625074224645436
93A2D6AC-3F1B-11E8-A5CB-3FA3753A265A,EVENT_RECVFROM,11C65665-3DC3-11E8-A5CA-3FA3753A265A,BF65D2F7-7A42-5B03-8A4A-A30D2896CA56,1523625074324645805
93A2D6AC-3F1B-11E8-A5CB-3FA3753A265A,EVENT_RECVFROM,11C65665-3DC3-11E8-A5CA-3FA3753A265A,CE48A3F3-B216-5F20-A852-7A9ACD08A5F3,1523625074324645805
93A2D6AC-3F1B-11E8-A5CB-3FA3753A265A,EVENT_RECVFROM,11C65665-3DC3-11E8-A5CA-3FA3753A265A,8E078DA7-1EA9-5789-A671-9F737FBFBEE9,1523625074324645805
93A2D6AC-3F1B-11E8-A5CB-3FA3753A265A,EVENT_RECVFROM,11C65665-3DC3-11E8-A5CA-3FA3753A265A,5ADF5066-E40F-5D8F-B173-EBFE920CB64C,1523625074324645805
93A2D6AC-3F1B-11E8-A5CB-3FA3753A265A,EVENT_RECVFROM,11C65665-3DC3-11E8-A5CA-3FA3753A265A,79130238-E9CD-5DCB-B215-B27EA9B2E528,1523625074424646954
93A2D6AC-3F1B-11E8-A5CB-3FA3753A265A,EVENT_RECVFROM,11C65665-3DC3-11E8-A5CA-3FA3753A265A,FE9E55AD-609F-53A0-B5F4-B688696CA464,1523625074424646954
93A2D6AC-3F1B-11E8-A5CB-3FA3753A265A,EVENT_RECVFROM,11C65665-3DC3-11E8-A5CA-3FA3753A265A,79D2953B-F1BC-5029-AC75-F25B141C3DB1,1523625074424646954
93A2D6AC-3F1B-11E8-A5CB-3FA3753A265A,EVENT_RECVFROM,11C65665-3DC3-11E8-A5CA-3FA3753A265A,88B7885D-518F-5ACD-9536-0338779678FA,1523625074524644603
93A2D6AC-3F1B-11E8-A5CB-3FA3753A265A,EVENT_RECVFROM,11C65665-3DC3-11E8-A5CA-3FA3753A265A,F22CD7F4-B3DC-53D9-9E7F-828EB4C8FD68,1523625074524644603
93A2D6AC-3F1B-11E8-A5CB-3FA3753A265A,EVENT_RECVFROM,11C65665-3DC3-11E8-A5CA-3FA3753A265A,9A3CA82E-892A-57D9-ADE0-ACD52810DE8E,1523625074524644603
93A2D6AC-3F1B-11E8-A5CB-3FA3753A265A,EVENT_RECVFROM,11C65665-3DC3-11E8-A5CA-3FA3753A265A,20A255AD-BB84-5ECD-807D-A69658C142C5,1523625074624646693
93A2D6AC-3F1B-11E8-A5CB-3FA3753A265A,EVENT_RECVFROM,11C65665-3DC3-11E8-A5CA-3FA3753A265A,7BE3459B-AE3A-5EE4-825C-E23FFDB33E23,1523625074624646693
93A2D6AC-3F1B-11E8-A5CB-3FA3753A265A,EVENT_RECVFROM,11C65665-3DC3-11E8-A5CA-3FA3753A265A,57E565D3-4812-5159-874A-1A42C0C65112,1523625074724646442
93A2D6AC-3F1B-11E8-A5CB-3FA3753A265A,EVENT_RECVFROM,11C65665-3DC3-11E8-A5CA-3FA3753A265A,045FE33A-F459-564D-B095-8A13DA33CE95,1523625074724646442
93A2D6AC-3F1B-11E8-A5CB-3FA3753A265A,EVENT_RECVFROM,11C65665-3DC3-11E8-A5CA-3FA3753A265A,9E8B7254-0EC1-5923-8F81-2401ECEF4F66,1523625074724646442
93A2D6AC-3F1B-11E8-A5CB-3FA3753A265A,EVENT_RECVFROM,11C65665-3DC3-11E8-A5CA-3FA3753A265A,F15F81A7-4CDF-5181-9988-88E75BBE9127,1523625074734645871
93A2D6AC-3F1B-11E8-A5CB-3FA3753A265A,EVENT_RECVFROM,11C65665-3DC3-11E8-A5CA-3FA3753A265A,3AB8A202-E986-5624-B48E-2233B01B88DF,1523625074824644641
93A2D6AC-3F1B-11E8-A5CB-3FA3753A265A,EVENT_RECVFROM,11C65665-3DC3-11E8-A5CA-3FA3753A265A,13FD5B3E-7443-54AC-905E-A2934B5AFD44,1523625074824644641
93A2D6AC-3F1B-11E8-A5CB-3FA3753A265A,EVENT_RECVFROM,11C65665-3DC3-11E8-A5CA-3FA3753A265A,A9005807-E8AB-51A3-806E-7B93E5B06729,1523625074824644641
93A2D6AC-3F1B-11E8-A5CB-3FA3753A265A,EVENT_RECVFROM,11C65665-3DC3-11E8-A5CA-3FA3753A265A,A474968C-72F9-50F4-9054-DA2FF067345C,1523625074924646130
93A2D6AC-3F1B-11E8-A5CB-3FA3753A265A,EVENT_RECVFROM,11C65665-3DC3-11E8-A5CA-3FA3753A265A,D1CA123C-6FA1-5EC3-ABA1-25C92D535655,1523625074924646130
0C773AFD-8F2A-3555-AA8F-AFF835357207,EVENT_OPEN,11C65665-3DC3-11E8-A5CA-3FA3753A265A,7DBB1800-D1DD-5300-9D44-1A13E9981557,1523625074974644925
11C65665-3DC3-11E8-A5CA-3FA3753A265A,EVENT_WRITE,0C773AFD-8F2A-3555-AA8F-AFF835357207,BF7560FC-B840-5240-8335-C61A4A0A2D82,1523625074974644925
11C65665-3DC3-11E8-A5CA-3FA3753A265A,EVENT_MODIFY_FILE_ATTRIBUTES,0C773AFD-8F2A-3555-AA8F-AFF835357207,484BEB8C-FA55-54C0-BC5B-0BA0CCA84818,1523625074974644925
11C65665-3DC3-11E8-A5CA-3FA3753A265A,EVENT_SENDTO,93A2D6AC-3F1B-11E8-A5CB-3FA3753A265A,60E15A61-5E0F-5278-B6A0-58EC34A1BE88,1523625074974644925
11C65665-3DC3-11E8-A5CA-3FA3753A265A,EVENT_SENDTO,93A2D6AC-3F1B-11E8-A5CB-3FA3753A265A,44CB2194-AEC5-52C6-9504-44470B29C26D,1523625074974644925
11C65665-3DC3-11E8-A5CA-3FA3753A265A,EVENT_CLOSE,0C773AFD-8F2A-3555-AA8F-AFF835357207,FF6ED6AD-02BD-54E7-A563-91867CA5896F,1523625074974644925
93A2D6AC-3F1B-11E8-A5CB-3FA3753A265A,EVENT_RECVFROM,11C65665-3DC3-11E8-A5CA-3FA3753A265A,D4740984-4B5D-56F1-B0B1-62C3416D081D,1523625144224643789
93A2D6AC-3F1B-11E8-A5CB-3FA3753A265A,EVENT_RECVFROM,11C65665-3DC3-11E8-A5CA-3FA3753A265A,17E9E956-53A2-5D16-A995-CB2C8C2BBE44,1523625144264643475
11C65665-3DC3-11E8-A5CA-3FA3753A265A,EVENT_SENDTO,93A2D6AC-3F1B-11E8-A5CB-3FA3753A265A,819097FC-DBC8-5671-AD24-4E18BEB0B963,1523625144364643084
11C65665-3DC3-11E8-A5CA-3FA3753A265A,EVENT_SENDTO,93A2D6AC-3F1B-11E8-A5CB-3FA3753A265A,0B1232B2-7810-5A42-88B1-ECE6B3EDC4CB,1523625144364643084
E5A15412-68E0-FD54-A068-DD6114FD9040,EVENT_EXECUTE,4FB0BFEA-3F1C-11E8-A5CB-3FA3753A265A,B7428FEB-B40E-5794-99F0-0522769F4B55,1523625146344650401
4FB0BFEA-3F1C-11E8-A5CB-3FA3753A265A,EVENT_CONNECT,4FB30E44-3F1C-11E8-A5CB-3FA3753A265A,ACFA27E0-04BE-59C5-9DE3-18E9D54B8D2B,1523625146354648690
4FB0BFEA-3F1C-11E8-A5CB-3FA3753A265A,EVENT_SENDTO,4FB30E44-3F1C-11E8-A5CB-3FA3753A265A,D382F7AF-830A-5C95-A11B-61E1B561A6FE,1523625146354648690
4FB0BFEA-3F1C-11E8-A5CB-3FA3753A265A,EVENT_SENDTO,4FB30E44-3F1C-11E8-A5CB-3FA3753A265A,3D1DC1B7-62FA-5D54-8226-DDA6D7C347A0,1523625146354648690
4FB30E44-3F1C-11E8-A5CB-3FA3753A265A,EVENT_RECVFROM,4FB0BFEA-3F1C-11E8-A5CB-3FA3753A265A,5830A5F2-45BA-56AC-863C-FFE9D9CE29A0,1523625146394646045
4FB30E44-3F1C-11E8-A5CB-3FA3753A265A,EVENT_RECVFROM,4FB0BFEA-3F1C-11E8-A5CB-3FA3753A265A,2F6796C0-2387-599B-A920-36A171EC6A02,1523625146404644814
4FB0BFEA-3F1C-11E8-A5CB-3FA3753A265A,EVENT_SENDTO,4FB30E44-3F1C-11E8-A5CB-3FA3753A265A,FA50B6C3-629E-5191-9304-5403621B5A4E,1523625146404644814
4FB0BFEA-3F1C-11E8-A5CB-3FA3753A265A,EVENT_SENDTO,4FB30E44-3F1C-11E8-A5CB-3FA3753A265A,70F36B89-9718-506F-B2C5-04B5E71BFAA8,1523625146404644814
4FB30E44-3F1C-11E8-A5CB-3FA3753A265A,EVENT_RECVFROM,4FB0BFEA-3F1C-11E8-A5CB-3FA3753A265A,453EFD74-AF0E-553F-9A78-7FCB5EB709FA,1523625170754644861
4FB30E44-3F1C-11E8-A5CB-3FA3753A265A,EVENT_RECVFROM,4FB0BFEA-3F1C-11E8-A5CB-3FA3753A265A,E9D52873-9B9B-56B5-90C9-23D26085BE90,1523625170784643878
4FB0BFEA-3F1C-11E8-A5CB-3FA3753A265A,EVENT_SENDTO,4FB30E44-3F1C-11E8-A5CB-3FA3753A265A,9E2A2A78-C870-5357-9F15-55976020BD1A,1523625170884643897
4FB0BFEA-3F1C-11E8-A5CB-3FA3753A265A,EVENT_SENDTO,4FB30E44-3F1C-11E8-A5CB-3FA3753A265A,073AFCE5-E061-5771-B008-59C61A860094,1523625170884643897
4FB30E44-3F1C-11E8-A5CB-3FA3753A265A,EVENT_RECVFROM,4FB0BFEA-3F1C-11E8-A5CB-3FA3753A265A,B4C33954-4321-53E5-ABAA-62DEA3EF2B69,1523625189144644589
4FB30E44-3F1C-11E8-A5CB-3FA3753A265A,EVENT_RECVFROM,4FB0BFEA-3F1C-11E8-A5CB-3FA3753A265A,C735A92A-66A7-56F2-8A80-28F980003BA4,1523625189144644589
4FB0BFEA-3F1C-11E8-A5CB-3FA3753A265A,EVENT_SENDTO,4FB30E44-3F1C-11E8-A5CB-3FA3753A265A,EBE07742-AE2D-52F0-8DDA-0D4788B6A250,1523625189214643072
4FB0BFEA-3F1C-11E8-A5CB-3FA3753A265A,EVENT_SENDTO,4FB30E44-3F1C-11E8-A5CB-3FA3753A265A,5BD14D9F-E812-5088-82B4-35E834AB7F7F,1523625189214643072
4FB30E44-3F1C-11E8-A5CB-3FA3753A265A,EVENT_RECVFROM,4FB0BFEA-3F1C-11E8-A5CB-3FA3753A265A,F86ACDCE-EA33-5E32-A363-D8E0F4D422CE,1523625189844645274
4FB30E44-3F1C-11E8-A5CB-3FA3753A265A,EVENT_RECVFROM,4FB0BFEA-3F1C-11E8-A5CB-3FA3753A265A,6C82A7FA-B4FB-530A-AA17-4AA8BA79B552,1523625189844645274
4FB0BFEA-3F1C-11E8-A5CB-3FA3753A265A,EVENT_SENDTO,4FB30E44-3F1C-11E8-A5CB-3FA3753A265A,6B0BB09E-FD21-55E1-87EA-E5FE44F5D049,1523625189934641494
4FB0BFEA-3F1C-11E8-A5CB-3FA3753A265A,EVENT_SENDTO,4FB30E44-3F1C-11E8-A5CB-3FA3753A265A,36BDFDED-09CC-54B1-9E4F-03A76C667357,1523625189934641494
4FB30E44-3F1C-11E8-A5CB-3FA3753A265A,EVENT_RECVFROM,4FB0BFEA-3F1C-11E8-A5CB-3FA3753A265A,E1D5F272-182A-5513-BCC3-ED77CCAA6EC6,1523625198044643930
4FB30E44-3F1C-11E8-A5CB-3FA3753A265A,EVENT_RECVFROM,4FB0BFEA-3F1C-11E8-A5CB-3FA3753A265A,AB7965B9-128C-5261-BD96-4DFE8095FFCB,1523625198044643930
4FB0BFEA-3F1C-11E8-A5CB-3FA3753A265A,EVENT_SENDTO,4FB30E44-3F1C-11E8-A5CB-3FA3753A265A,CE85CF37-DF92-5384-B969-476582E79103,1523625198304643902
4FB0BFEA-3F1C-11E8-A5CB-3FA3753A265A,EVENT_SENDTO,4FB30E44-3F1C-11E8-A5CB-3FA3753A265A,7B92FC0B-51E4-5C39-8A77-47648B5566D3,1523625198304643902
4FB30E44-3F1C-11E8-A5CB-3FA3753A265A,EVENT_RECVFROM,4FB0BFEA-3F1C-11E8-A5CB-3FA3753A265A,36AE3E4E-DF81-56BE-973B-BEDA02280DCA,1523625292644640448
4FB30E44-3F1C-11E8-A5CB-3FA3753A265A,EVENT_RECVFROM,4FB0BFEA-3F1C-11E8-A5CB-3FA3753A265A,17CB7657-B743-58F0-AABD-11C4DC3EEC3F,1523625292644640448
4FB0BFEA-3F1C-11E8-A5CB-3FA3753A265A,EVENT_SENDTO,4FB30E44-3F1C-11E8-A5CB-3FA3753A265A,BBA1E6AA-7677-5307-AD9A-B03A3423FEB9,1523625292874641173
4FB0BFEA-3F1C-11E8-A5CB-3FA3753A265A,EVENT_SENDTO,4FB30E44-3F1C-11E8-A5CB-3FA3753A265A,733CEA71-F6A8-53A1-A0A2-52BBB5E44D11,1523625292874641173
4FB30E44-3F1C-11E8-A5CB-3FA3753A265A,EVENT_RECVFROM,4FB0BFEA-3F1C-11E8-A5CB-3FA3753A265A,2E237B62-8055-58CF-9FDE-E02AFBBB0D5A,1523625343144639427
4FB30E44-3F1C-11E8-A5CB-3FA3753A265A,EVENT_RECVFROM,4FB0BFEA-3F1C-11E8-A5CB-3FA3753A265A,E6760F85-6C07-57F2-865E-0499A988D338,1523625343144639427
4FB0BFEA-3F1C-11E8-A5CB-3FA3753A265A,EVENT_SENDTO,4FB30E44-3F1C-11E8-A5CB-3FA3753A265A,F27C98D9-D56E-52C0-8609-0E83D3B75699,1523625343224639539
4FB0BFEA-3F1C-11E8-A5CB-3FA3753A265A,EVENT_SENDTO,4FB30E44-3F1C-11E8-A5CB-3FA3753A265A,95E5EA99-9847-5885-A8AE-61450D2F8DCA,1523625343224639539
4FB30E44-3F1C-11E8-A5CB-3FA3753A265A,EVENT_RECVFROM,4FB0BFEA-3F1C-11E8-A5CB-3FA3753A265A,64BCFAAC-C934-5F1E-B5B5-564FE120FB62,1523625344344638508
4FB30E44-3F1C-11E8-A5CB-3FA3753A265A,EVENT_RECVFROM,4FB0BFEA-3F1C-11E8-A5CB-3FA3753A265A,63E8E94F-8BC8-56DF-AE4D-38F9F250E1EB,1523625344344638508
4FB0BFEA-3F1C-11E8-A5CB-3FA3753A265A,EVENT_SENDTO,4FB30E44-3F1C-11E8-A5CB-3FA3753A265A,2C0A21C0-538B-5140-B540-7F9D852FA047,1523625344564639364
4FB0BFEA-3F1C-11E8-A5CB-3FA3753A265A,EVENT_SENDTO,4FB30E44-3F1C-11E8-A5CB-3FA3753A265A,27AE08C3-BDAD-518D-9AC4-404FE4C82E52,1523625344564639364
4FB30E44-3F1C-11E8-A5CB-3FA3753A265A,EVENT_RECVFROM,4FB0BFEA-3F1C-11E8-A5CB-3FA3753A265A,FF393A67-8456-5924-9D8E-D9851512D56B,1523625354944639073
4FB30E44-3F1C-11E8-A5CB-3FA3753A265A,EVENT_RECVFROM,4FB0BFEA-3F1C-11E8-A5CB-3FA3753A265A,C9BC35E1-7B44-5FA7-AA47-AB94B8721509,1523625354944639073
4FB0BFEA-3F1C-11E8-A5CB-3FA3753A265A,EVENT_SENDTO,4FB30E44-3F1C-11E8-A5CB-3FA3753A265A,69B56082-2691-507F-931C-AC54833B2B2A,1523625355034638223
4FB0BFEA-3F1C-11E8-A5CB-3FA3753A265A,EVENT_SENDTO,4FB30E44-3F1C-11E8-A5CB-3FA3753A265A,EE5B7179-4CDB-5848-8ABC-F0BFA051730E,1523625355034638223
4FB30E44-3F1C-11E8-A5CB-3FA3753A265A,EVENT_RECVFROM,4FB0BFEA-3F1C-11E8-A5CB-3FA3753A265A,93C6CA5B-3169-511D-8FCE-6751F0E5F121,1523625355144640571
4FB30E44-3F1C-11E8-A5CB-3FA3753A265A,EVENT_RECVFROM,4FB0BFEA-3F1C-11E8-A5CB-3FA3753A265A,A892F03E-5AD6-5B51-BBBD-7874FE05A3FA,1523625355144640571
4FB30E44-3F1C-11E8-A5CB-3FA3753A265A,EVENT_RECVFROM,4FB0BFEA-3F1C-11E8-A5CB-3FA3753A265A,D9D10316-CC97-584C-8E28-8452AC292106,1523625355154640080
4FB30E44-3F1C-11E8-A5CB-3FA3753A265A,EVENT_RECVFROM,4FB0BFEA-3F1C-11E8-A5CB-3FA3753A265A,75FFAB79-0C16-5086-9E1E-42D7D6C80711,1523625355154640080
4FB30E44-3F1C-11E8-A5CB-3FA3753A265A,EVENT_RECVFROM,4FB0BFEA-3F1C-11E8-A5CB-3FA3753A265A,F7EF7968-5EC3-53D9-A4BD-7C02E7165C20,1523625355154640080
4FB30E44-3F1C-11E8-A5CB-3FA3753A265A,EVENT_RECVFROM,4FB0BFEA-3F1C-11E8-A5CB-3FA3753A265A,B2F798FC-6C0D-5A2D-838F-7BCAF9E38DF3,1523625355244638811
4FB30E44-3F1C-11E8-A5CB-3FA3753A265A,EVENT_RECVFROM,4FB0BFEA-3F1C-11E8-A5CB-3FA3753A265A,EBBE0FDA-E4C8-531D-933D-309F85C4DFDA,1523625355254659699
4FB30E44-3F1C-11E8-A5CB-3FA3753A265A,EVENT_RECVFROM,4FB0BFEA-3F1C-11E8-A5CB-3FA3753A265A,49F995C9-6EE5-5D11-832C-ED237327FF94,1523625355254659699
4FB30E44-3F1C-11E8-A5CB-3FA3753A265A,EVENT_RECVFROM,4FB0BFEA-3F1C-11E8-A5CB-3FA3753A265A,EFB0D231-861D-5BE0-B65D-86E5C514A5F0,1523625355254659699
4FB30E44-3F1C-11E8-A5CB-3FA3753A265A,EVENT_RECVFROM,4FB0BFEA-3F1C-11E8-A5CB-3FA3753A265A,7EF50575-F3BA-5540-B0E3-2F983B734D48,1523625355344640490
4FB30E44-3F1C-11E8-A5CB-3FA3753A265A,EVENT_RECVFROM,4FB0BFEA-3F1C-11E8-A5CB-3FA3753A265A,1E1596F6-6480-59DA-BEE4-EF924903765E,1523625355354641729
4FB30E44-3F1C-11E8-A5CB-3FA3753A265A,EVENT_RECVFROM,4FB0BFEA-3F1C-11E8-A5CB-3FA3753A265A,A5278585-7219-5C77-AB0F-EEE77BCC27B2,1523625355354641729
4FB30E44-3F1C-11E8-A5CB-3FA3753A265A,EVENT_RECVFROM,4FB0BFEA-3F1C-11E8-A5CB-3FA3753A265A,DCA27EFE-1713-5AD2-9AC1-539CE6B7DEA2,1523625355354641729
4FB30E44-3F1C-11E8-A5CB-3FA3753A265A,EVENT_RECVFROM,4FB0BFEA-3F1C-11E8-A5CB-3FA3753A265A,0236C69A-24FC-588C-8074-9260E4ED092D,1523625355444638879
4FB30E44-3F1C-11E8-A5CB-3FA3753A265A,EVENT_RECVFROM,4FB0BFEA-3F1C-11E8-A5CB-3FA3753A265A,9B56C152-97C1-55D6-AE49-F5EF5F40E25B,1523625355444638879
4FB30E44-3F1C-11E8-A5CB-3FA3753A265A,EVENT_RECVFROM,4FB0BFEA-3F1C-11E8-A5CB-3FA3753A265A,B6E2DE1A-3663-5D4F-89B9-172B9389763D,1523625355454640748
4FB30E44-3F1C-11E8-A5CB-3FA3753A265A,EVENT_RECVFROM,4FB0BFEA-3F1C-11E8-A5CB-3FA3753A265A,74DD37A8-C2C7-5686-9AA5-5CE11D13449A,1523625355544639018
4FB30E44-3F1C-11E8-A5CB-3FA3753A265A,EVENT_RECVFROM,4FB0BFEA-3F1C-11E8-A5CB-3FA3753A265A,4BB38D03-1796-5293-90FD-07CF5473F64F,1523625355544639018
4FB30E44-3F1C-11E8-A5CB-3FA3753A265A,EVENT_RECVFROM,4FB0BFEA-3F1C-11E8-A5CB-3FA3753A265A,83AA2167-02CD-5AE7-B28E-AC404E1ED4FD,1523625355644641218
4FB30E44-3F1C-11E8-A5CB-3FA3753A265A,EVENT_RECVFROM,4FB0BFEA-3F1C-11E8-A5CB-3FA3753A265A,69E14E0C-19DC-5547-8A99-5B1D91086759,1523625355654638756
4FB30E44-3F1C-11E8-A5CB-3FA3753A265A,EVENT_RECVFROM,4FB0BFEA-3F1C-11E8-A5CB-3FA3753A265A,B258D66A-06C9-5936-A435-F7A0C65C0845,1523625355744640727
4FB30E44-3F1C-11E8-A5CB-3FA3753A265A,EVENT_RECVFROM,4FB0BFEA-3F1C-11E8-A5CB-3FA3753A265A,B3A6A523-F3BA-562D-8419-BBF6B1F061A4,1523625355744640727
4FB0BFEA-3F1C-11E8-A5CB-3FA3753A265A,EVENT_SENDTO,4FB30E44-3F1C-11E8-A5CB-3FA3753A265A,2AFE30D4-9F94-5D86-9572-64232CAF833D,1523625355854639925
4FB0BFEA-3F1C-11E8-A5CB-3FA3753A265A,EVENT_SENDTO,4FB30E44-3F1C-11E8-A5CB-3FA3753A265A,5443C32B-38AE-5640-9C83-4C3B888893A8,1523625355854639925
4FB30E44-3F1C-11E8-A5CB-3FA3753A265A,EVENT_RECVFROM,4FB0BFEA-3F1C-11E8-A5CB-3FA3753A265A,BB212CD0-07F7-5F50-86C8-D32932B47D6F,1523625356044639724
4FB30E44-3F1C-11E8-A5CB-3FA3753A265A,EVENT_RECVFROM,4FB0BFEA-3F1C-11E8-A5CB-3FA3753A265A,9904B9BC-44D6-5D1C-8B62-108F4CD2DD50,1523625356044639724
4FB0BFEA-3F1C-11E8-A5CB-3FA3753A265A,EVENT_SENDTO,4FB30E44-3F1C-11E8-A5CB-3FA3753A265A,6588E0FF-B957-5A4F-9B8D-7CA4C93D22E2,1523625356084639290
4FB0BFEA-3F1C-11E8-A5CB-3FA3753A265A,EVENT_SENDTO,4FB30E44-3F1C-11E8-A5CB-3FA3753A265A,A3482D63-92D3-55BD-9864-26AAA6E05A6E,1523625356084639290
4FB30E44-3F1C-11E8-A5CB-3FA3753A265A,EVENT_RECVFROM,4FB0BFEA-3F1C-11E8-A5CB-3FA3753A265A,99854D59-B5DE-532D-BCD8-2C5F54AB716F,1523625356344637772
4FB30E44-3F1C-11E8-A5CB-3FA3753A265A,EVENT_RECVFROM,4FB0BFEA-3F1C-11E8-A5CB-3FA3753A265A,42F636C7-27CC-568E-8958-60F6B64912B4,1523625356384639128
4FB0BFEA-3F1C-11E8-A5CB-3FA3753A265A,EVENT_SENDTO,4FB30E44-3F1C-11E8-A5CB-3FA3753A265A,DF85ACB3-31DF-5981-854D-8F136A5F9D39,1523625356394640757
4FB0BFEA-3F1C-11E8-A5CB-3FA3753A265A,EVENT_SENDTO,4FB30E44-3F1C-11E8-A5CB-3FA3753A265A,B3F58384-0CA8-5088-A95F-5752BC5342FC,1523625356394640757
