80370C6E-09A5-8037-0C49-8F0000000040,EVENT_RECVFROM,AF14A414-0400-0000-0000-000000000020,9F53C649-F20F-2515-A066-690300000010,1523641582229017503
AF14A414-0400-0000-0000-000000000020,EVENT_SENDTO,80370C6E-09A5-8037-0C49-8F0000000040,9A7AA352-F20F-2515-986A-690300000010,1523641582377728666
80370C6E-09A5-8037-0C49-8F0000000040,EVENT_RECVFROM,AF14A414-0400-0000-0000-000000000020,2D509F56-F20F-2515-A76A-690300000010,1523641582444564525
AF14A414-0400-0000-0000-000000000020,EVENT_SENDTO,80370C6E-09A5-8037-0C49-8F0000000040,FA12A256-F20F-2515-A86A-690300000010,1523641582444745466
80370C6E-09A5-8037-0C49-8F0000000040,EVENT_RECVFROM,AF14A414-0400-0000-0000-000000000020,0BB9B356-F20F-2515-A96A-690300000010,1523641582445902091
AF14A414-0400-0000-0000-000000000020,EVENT_SENDTO,80370C6E-09A5-8037-0C49-8F0000000040,345ECD56-F20F-2515-AB6A-690300000010,1523641582447582772
80370C6E-09A5-8037-0C49-8F0000000040,EVENT_RECVFROM,AF14A414-0400-0000-0000-000000000020,85D6F156-F20F-2515-AC6A-690300000010,1523641582449972869
AF14A414-0400-0000-0000-000000000020,EVENT_SENDTO,80370C6E-09A5-8037-0C49-8F0000000040,143CF456-F20F-2515-AD6A-690300000010,1523641582450129940
80370C6E-09A5-8037-0C49-8F0000000040,EVENT_RECVFROM,AF14A414-0400-0000-0000-000000000020,41B28057-F20F-2515-AE6A-690300000010,1523641582459335233
AF14A414-0400-0000-0000-000000000020,EVENT_SENDTO,80370C6E-09A5-8037-0C49-8F0000000040,FD4D8557-F20F-2515-AF6A-690300000010,1523641582459637245
80370C6E-09A5-8037-0C49-8F0000000040,EVENT_RECVFROM,AF14A414-0400-0000-0000-000000000020,42E39357-F20F-2515-B06A-690300000010,1523641582460592962
AF14A414-0400-0000-0000-000000000020,EVENT_SENDTO,80370C6E-09A5-8037-0C49-8F0000000040,8EBB9557-F20F-2515-B16A-690300000010,1523641582460713870
80370C6E-09A5-8037-0C49-8F0000000040,EVENT_RECVFROM,AF14A414-0400-0000-0000-000000000020,21950458-F20F-2515-B56A-690300000010,1523641582467978529
AF14A414-0400-0000-0000-000000000020,EVENT_SENDTO,80370C6E-09A5-8037-0C49-8F0000000040,E9E50758-F20F-2515-B66A-690300000010,1523641582468195817
80370C6E-09A5-8037-0C49-8F0000000040,EVENT_RECVFROM,AF14A414-0400-0000-0000-000000000020,F3CB1758-F20F-2515-B76A-690300000010,1523641582469237747
AF14A414-0400-0000-0000-000000000020,EVENT_SENDTO,80370C6E-09A5-8037-0C49-8F0000000040,1EAD1A58-F20F-2515-B86A-690300000010,1523641582469426462
80370C6E-09A5-8037-0C49-8F0000000040,EVENT_RECVFROM,AF14A414-0400-0000-0000-000000000020,73F28B58-F20F-2515-B96A-690300000010,1523641582476849779
AF14A414-0400-0000-0000-000000000020,EVENT_SENDTO,80370C6E-09A5-8037-0C49-8F0000000040,62E78E58-F20F-2515-BA6A-690300000010,1523641582477043554
80370C6E-09A5-8037-0C49-8F0000000040,EVENT_RECVFROM,AF14A414-0400-0000-0000-000000000020,7E0E9F58-F20F-2515-BB6A-690300000010,1523641582478102142
AF14A414-0400-0000-0000-000000000020,EVENT_SENDTO,80370C6E-09A5-8037-0C49-8F0000000040,EBEBA158-F20F-2515-BC6A-690300000010,1523641582478289899
80370C6E-09A5-8037-0C49-8F0000000040,EVENT_RECVFROM,AF14A414-0400-0000-0000-000000000020,02063059-F20F-2515-BF6A-690300000010,1523641582487602690
AF14A414-0400-0000-0000-000000000020,EVENT_SENDTO,80370C6E-09A5-8037-0C49-8F0000000040,B21B3359-F20F-2515-C06A-690300000010,1523641582487804850
80370C6E-09A5-8037-0C49-8F0000000040,EVENT_RECVFROM,AF14A414-0400-0000-0000-000000000020,D1E24259-F20F-2515-C16A-690300000010,1523641582488838865
AF14A414-0400-0000-0000-000000000020,EVENT_SENDTO,80370C6E-09A5-8037-0C49-8F0000000040,5DC64559-F20F-2515-C26A-690300000010,1523641582489028189
80370C6E-09A5-8037-0C49-8F0000000040,EVENT_RECVFROM,AF14A414-0400-0000-0000-000000000020,1CAAB359-F20F-2515-C36A-690300000010,1523641582496229916
AF14A414-0400-0000-0000-000000000020,EVENT_SENDTO,80370C6E-09A5-8037-0C49-8F0000000040,AD81B759-F20F-2515-C46A-690300000010,1523641582496481709
80370C6E-09A5-8037-0C49-8F0000000040,EVENT_RECVFROM,AF14A414-0400-0000-0000-000000000020,F7EDC559-F20F-2515-C56A-690300000010,1523641582497426935
AF14A414-0400-0000-0000-000000000020,EVENT_SENDTO,80370C6E-09A5-8037-0C49-8F0000000040,BD5FC859-F20F-2515-C66A-690300000010,1523641582497587133
80370C6E-09A5-8037-0C49-8F0000000040,EVENT_RECVFROM,AF14A414-0400-0000-0000-000000000020,92273B5A-F20F-2515-C86A-690300000010,1523641582505109394
AF14A414-0400-0000-0000-000000000020,EVENT_SENDTO,80370C6E-09A5-8037-0C49-8F0000000040,B01E3E5A-F20F-2515-C96A-690300000010,1523641582505303728
80370C6E-09A5-8037-0C49-8F0000000040,EVENT_RECVFROM,AF14A414-0400-0000-0000-000000000020,0528515A-F20F-2515-CA6A-690300000010,1523641582506551301
AF14A414-0400-0000-0000-000000000020,EVENT_SENDTO,80370C6E-09A5-8037-0C49-8F0000000040,1607545A-F20F-2515-CB6A-690300000010,1523641582506739478
80370C6E-09A5-8037-0C49-8F0000000040,EVENT_RECVFROM,AF14A414-0400-0000-0000-000000000020,88ACAA5A-F20F-2515-CC6A-690300000010,1523641582512417928
AF14A414-0400-0000-0000-000000000020,EVENT_SENDTO,80370C6E-09A5-8037-0C49-8F0000000040,E0BBB95A-F20F-2515-CE6A-690300000010,1523641582513404896
80370C6E-09A5-8037-0C49-8F0000000040,EVENT_RECVFROM,AF14A414-0400-0000-0000-000000000020,4B49C75A-F20F-2515-CF6A-690300000010,1523641582514293067
AF14A414-0400-0000-0000-000000000020,EVENT_SENDTO,80370C6E-09A5-8037-0C49-8F0000000040,6225CA5A-F20F-2515-D06A-690300000010,1523641582514480482
80370C6E-09A5-8037-0C49-8F0000000040,EVENT_RECVFROM,AF14A414-0400-0000-0000-000000000020,AA463A5B-F20F-2515-D16A-690300000010,1523641582521829034
AF14A414-0400-0000-0000-000000000020,EVENT_SENDTO,80370C6E-09A5-8037-0C49-8F0000000040,F62A3D5B-F20F-2515-D26A-690300000010,1523641582522018550
80370C6E-09A5-8037-0C49-8F0000000040,EVENT_RECVFROM,AF14A414-0400-0000-0000-000000000020,89455F5B-F20F-2515-D36A-690300000010,1523641582524253577
AF14A414-0400-0000-0000-000000000020,EVENT_SENDTO,80370C6E-09A5-8037-0C49-8F0000000040,C09F765B-F20F-2515-D46A-690300000010,1523641582525784000
80370C6E-09A5-8037-0C49-8F0000000040,EVENT_RECVFROM,AF14A414-0400-0000-0000-000000000020,64F83E63-F20F-2515-DE6A-690300000010,1523641582656354404
AF14A414-0400-0000-0000-000000000020,EVENT_SENDTO,80370C6E-09A5-8037-0C49-8F0000000040,71894363-F20F-2515-DF6A-690300000010,1523641582656653681
80370C6E-09A5-8037-0C49-8F0000000040,EVENT_RECVFROM,AF14A414-0400-0000-0000-000000000020,CEF75863-F20F-2515-E06A-690300000010,1523641582658058190
80370C6E-09A5-8037-0C49-8F0000000040,EVENT_RECVFROM,AF14A414-0400-0000-0000-000000000020,C6277B63-F20F-2515-E16A-690300000010,1523641582660298694
AF14A414-0400-0000-0000-000000000020,EVENT_SENDTO,80370C6E-09A5-8037-0C49-8F0000000040,F8DC0164-F20F-2515-E36A-690300000010,1523641582669126904
80370C6E-09A5-8037-0C49-8F0000000040,EVENT_RECVFROM,AF14A414-0400-0000-0000-000000000020,42CAEF64-F20F-2515-E46A-690300000010,1523641582684719682
AF14A414-0400-0000-0000-000000000020,EVENT_SENDTO,80370C6E-09A5-8037-0C49-8F0000000040,F0174567-F20F-2515-196B-690300000010,1523641582723864560
80370C6E-09A5-8037-0C49-8F0000000040,EVENT_RECVFROM,AF14A414-0400-0000-0000-000000000020,4AF7026A-F20F-2515-386B-690300000010,1523641582769862474
80370C6E-09A5-8037-0C49-8F0000000040,EVENT_RECVFROM,AF14A414-0400-0000-0000-000000000020,0089046A-F20F-2515-396B-690300000010,1523641582769965312
80370C6E-09A5-8037-0C49-8F0000000040,EVENT_RECVFROM,AF14A414-0400-0000-0000-000000000020,8012146A-F20F-2515-3F6B-690300000010,1523641582770983552
80370C6E-09A5-8037-0C49-8F0000000040,EVENT_RECVFROM,AF14A414-0400-0000-0000-000000000020,433B146A-F20F-2515-406B-690300000010,1523641582770993987
80370C6E-09A5-8037-0C49-8F0000000040,EVENT_RECVFROM,AF14A414-0400-0000-0000-000000000020,C8D1536A-F20F-2515-416B-690300000010,1523641582775161288
AF14A414-0400-0000-0000-000000000020,EVENT_SENDTO,80370C6E-09A5-8037-0C49-8F0000000040,8722AE8B-F20F-2515-BA6B-690300000010,1523641583334728327
80370C6E-09A5-8037-0C49-8F0000000040,EVENT_RECVFROM,AF14A414-0400-0000-0000-000000000020,AFE6BE8B-F20F-2515-BB6B-690300000010,1523641583335827119
AF14A414-0400-0000-0000-000000000020,EVENT_SENDTO,80370C6E-09A5-8037-0C49-8F0000000040,31260C90-F20F-2515-3A6D-690300000010,1523641583407998513
80370C6E-09A5-8037-0C49-8F0000000040,EVENT_RECVFROM,AF14A414-0400-0000-0000-000000000020,4D4F1990-F20F-2515-556D-690300000010,1523641583408861005
AF14A414-0400-0000-0000-000000000020,EVENT_SENDTO,80370C6E-09A5-8037-0C49-8F0000000040,FFDFBC90-F20F-2515-9B6D-690300000010,1523641583419580415
80370C6E-09A5-8037-0C49-8F0000000040,EVENT_RECVFROM,AF14A414-0400-0000-0000-000000000020,7049CF90-F20F-2515-A36D-690300000010,1523641583420787056
AF14A414-0400-0000-0000-000000000020,EVENT_SENDTO,80370C6E-09A5-8037-0C49-8F0000000040,908ED690-F20F-2515-A46D-690300000010,1523641583421263504
80370C6E-09A5-8037-0C49-8F0000000040,EVENT_RECVFROM,AF14A414-0400-0000-0000-000000000020,31F5E590-F20F-2515-A56D-690300000010,1523641583422272817
AF14A414-0400-0000-0000-000000000020,EVENT_SENDTO,80370C6E-09A5-8037-0C49-8F0000000040,F7D9E790-F20F-2515-A66D-690300000010,1523641583422396919
80370C6E-09A5-8037-0C49-8F0000000040,EVENT_RECVFROM,AF14A414-0400-0000-0000-000000000020,8ADFF790-F20F-2515-A76D-690300000010,1523641583423446922
80370C6E-0AA5-8037-0C49-8F0000000040,EVENT_RECVFROM,AF14A414-0400-0000-0000-000000000020,443C59B8-F60F-2515-2A7F-690300000010,1523641601264008260
AF14A414-0400-0000-0000-000000000020,EVENT_SENDTO,80370C6E-0AA5-8037-0C49-8F0000000040,FF4E64B8-F60F-2515-2B7F-690300000010,1523641601264733951
80370C6E-0AA5-8037-0C49-8F0000000040,EVENT_RECVFROM,AF14A414-0400-0000-0000-000000000020,4E2994BD-F60F-2515-2F7F-690300000010,1523641601351756110
AF14A414-0400-0000-0000-000000000020,EVENT_SENDTO,80370C6E-0AA5-8037-0C49-8F0000000040,BE749CBD-F60F-2515-307F-690300000010,1523641601352299710
80370C6E-0AA5-8037-0C49-8F0000000040,EVENT_RECVFROM,AF14A414-0400-0000-0000-000000000020,6C9A36BF-F60F-2515-317F-690300000010,1523641601379179116
80370C6E-0BA5-8037-0C49-8F0000000040,EVENT_RECVFROM,AF14A414-0400-0000-0000-000000000020,9CB622C3-F60F-2515-747F-690300000010,1523641601444984476
AF14A414-0400-0000-0000-000000000020,EVENT_SENDTO,80370C6E-0BA5-8037-0C49-8F0000000040,B4392BC3-F60F-2515-757F-690300000010,1523641601445542324
80370C6E-0BA5-8037-0C49-8F0000000040,EVENT_RECVFROM,AF14A414-0400-0000-0000-000000000020,077D04C7-F60F-2515-987F-690300000010,1523641601510112519
AF14A414-0400-0000-0000-000000000020,EVENT_SENDTO,80370C6E-0BA5-8037-0C49-8F0000000040,9F0309C7-F60F-2515-997F-690300000010,1523641601510409119
80370C6E-0BA5-8037-0C49-8F0000000040,EVENT_RECVFROM,AF14A414-0400-0000-0000-000000000020,37946AC8-F60F-2515-B07F-690300000010,1523641601533580343
AF14A414-0400-0000-0000-000000000020,EVENT_SENDTO,80370C6E-0BA5-8037-0C49-8F0000000040,765C6CC8-F60F-2515-B17F-690300000010,1523641601533697142
80370C6E-0BA5-8037-0C49-8F0000000040,EVENT_RECVFROM,AF14A414-0400-0000-0000-000000000020,1D607AC8-F60F-2515-B27F-690300000010,1523641601534615581
AF14A414-0400-0000-0000-000000000020,EVENT_SENDTO,80370C6E-0BA5-8037-0C49-8F0000000040,42DD92C8-F60F-2515-B37F-690300000010,1523641601536220482
80370C6E-0BA5-8037-0C49-8F0000000040,EVENT_RECVFROM,AF14A414-0400-0000-0000-000000000020,F290B8C8-F60F-2515-B47F-690300000010,1523641601538691314
AF14A414-0400-0000-0000-000000000020,EVENT_SENDTO,80370C6E-0BA5-8037-0C49-8F0000000040,F12335C9-F60F-2515-C77F-690300000010,1523641601546855409
80370C6E-0BA5-8037-0C49-8F0000000040,EVENT_RECVFROM,AF14A414-0400-0000-0000-000000000020,DB3A5BC9-F60F-2515-CC7F-690300000010,1523641601549351643
AF14A414-0400-0000-0000-000000000020,EVENT_SENDTO,80370C6E-0BA5-8037-0C49-8F0000000040,BCCAC7CC-F60F-2515-ED7F-690300000010,1523641601606798012
80370C6E-0BA5-8037-0C49-8F0000000040,EVENT_RECVFROM,AF14A414-0400-0000-0000-000000000020,F360D5CC-F60F-2515-0080-690300000010,1523641601607688435
AF14A414-0400-0000-0000-000000000020,EVENT_SENDTO,80370C6E-0AA5-8037-0C49-8F0000000040,BAD9FBCD-F60F-2515-0181-690300000010,1523641601626986938
80370C6E-0AA5-8037-0C49-8F0000000040,EVENT_RECVFROM,AF14A414-0400-0000-0000-000000000020,58CEDACF-F60F-2515-0C81-690300000010,1523641601658375768
80370C6E-7FD4-8037-0C49-190000000040,EVENT_RECVFROM,AF14A414-0400-0000-0000-000000000020,DCC204FC-FA0F-2515-E08E-690300000010,1523641619579192028
AF14A414-0400-0000-0000-000000000020,EVENT_SENDTO,80370C6E-7FD4-8037-0C49-190000000040,FF1D7CFE-FA0F-2515-CB90-690300000010,1523641619620568575
80370C6E-7FD4-8037-0C49-190000000040,EVENT_RECVFROM,AF14A414-0400-0000-0000-000000000020,097A95FE-FA0F-2515-0191-690300000010,1523641619622230537
AF14A414-0400-0000-0000-000000000020,EVENT_SENDTO,80370C6E-7FD4-8037-0C49-190000000040,EF96B9FF-FA0F-2515-0792-690300000010,1523641619641374447
80370C6E-7FD4-8037-0C49-190000000040,EVENT_RECVFROM,AF14A414-0400-0000-0000-000000000020,9C125900-FB0F-2515-1092-690300000010,1523641619651826332
AF14A414-0400-0000-0000-000000000020,EVENT_SENDTO,80370C6E-7FD4-8037-0C49-190000000040,5BEC2B01-FB0F-2515-7392-690300000010,1523641619665644635
80370C6E-7FD4-8037-0C49-190000000040,EVENT_RECVFROM,AF14A414-0400-0000-0000-000000000020,B596E501-FB0F-2515-9492-690300000010,1523641619677812405
AF14A414-0400-0000-0000-000000000020,EVENT_SENDTO,80370C6E-7FD4-8037-0C49-190000000040,4028DA02-FB0F-2515-CD92-690300000010,1523641619693840448
80370C6E-7FD4-8037-0C49-190000000040,EVENT_RECVFROM,AF14A414-0400-0000-0000-000000000020,0D82EE02-FB0F-2515-E892-690300000010,1523641619695174157
AF14A414-0400-0000-0000-000000000020,EVENT_SENDTO,80370C6E-7FD4-8037-0C49-190000000040,51CB4F03-FB0F-2515-FA92-690300000010,1523641619701549905
AF14A414-0400-0000-0000-000000000020,EVENT_SENDTO,80370C6E-7FD4-8037-0C49-190000000040,434E5003-FB0F-2515-FB92-690300000010,1523641619701583427
80370C6E-7FD4-8037-0C49-190000000040,EVENT_RECVFROM,AF14A414-0400-0000-0000-000000000020,CBDE8F05-FB0F-2515-2593-690300000010,1523641619739303627
AF14A414-0400-0000-0000-000000000020,EVENT_SENDTO,80370C6E-7FD4-8037-0C49-190000000040,01C9B405-FB0F-2515-3693-690300000010,1523641619741722881
80370C6E-7FD4-8037-0C49-190000000040,EVENT_RECVFROM,AF14A414-0400-0000-0000-000000000020,37B6E405-FB0F-2515-3793-690300000010,1523641619744863799
80370C6E-7FD4-8037-0C49-190000000040,EVENT_RECVFROM,AF14A414-0400-0000-0000-000000000020,49D2E905-FB0F-2515-3B93-690300000010,1523641619745198665
AF14A414-0400-0000-0000-000000000020,EVENT_SENDTO,80370C6E-0BA5-8037-0C49-8F0000000040,10561D06-FB0F-2515-8394-690300000010,1523641619748574736
80370C6E-0BA5-8037-0C49-8F0000000040,EVENT_RECVFROM,AF14A414-0400-0000-0000-000000000020,66922D06-FB0F-2515-8494-690300000010,1523641619749638758
AF14A414-0400-0000-0000-000000000020,EVENT_SENDTO,80370C6E-0BA5-8037-0C49-8F0000000040,A74A2F06-FB0F-2515-8794-690300000010,1523641619749751463
AF14A414-0400-0000-0000-000000000020,EVENT_SENDTO,80370C6E-0BA5-8037-0C49-8F0000000040,D5753206-FB0F-2515-8894-690300000010,1523641619749959125
80370C6E-0BA5-8037-0C49-8F0000000040,EVENT_RECVFROM,AF14A414-0400-0000-0000-000000000020,2D965D0A-FB0F-2515-B394-690300000010,1523641619819894317
AF14A414-0400-0000-0000-000000000020,EVENT_SENDTO,80370C6E-0BA5-8037-0C49-8F0000000040,C9D7620A-FB0F-2515-B494-690300000010,1523641619820238793
80370C6E-0BA5-8037-0C49-8F0000000040,EVENT_RECVFROM,AF14A414-0400-0000-0000-000000000020,EB35E10A-FB0F-2515-B594-690300000010,1523641619828520427
AF14A414-0400-0000-0000-000000000020,EVENT_SENDTO,80370C6E-0BA5-8037-0C49-8F0000000040,6419C40D-FB0F-2515-6795-690300000010,1523641619876944228
80370C6E-0BA5-8037-0C49-8F0000000040,EVENT_RECVFROM,AF14A414-0400-0000-0000-000000000020,E8FF3910-FB0F-2515-5196-690300000010,1523641619918225384
AF14A414-0400-0000-0000-000000000020,EVENT_SENDTO,80370C6E-0BA5-8037-0C49-8F0000000040,CBD65771-FB0F-2515-F296-690300000010,1523641621547570891
AF14A414-0400-0000-0000-000000000020,EVENT_SENDTO,80370C6E-0AA5-8037-0C49-8F0000000040,EB3A5A71-FB0F-2515-F396-690300000010,1523641621547727595
AF14A414-0400-0000-0000-000000000020,EVENT_SENDTO,80370C6E-09A5-8037-0C49-8F0000000040,31025E71-FB0F-2515-F496-690300000010,1523641621547975217
80370C6E-0AA5-8037-0C49-8F0000000040,EVENT_RECVFROM,AF14A414-0400-0000-0000-000000000020,7DE36771-FB0F-2515-F596-690300000010,1523641621548622717
80370C6E-0BA5-8037-0C49-8F0000000040,EVENT_RECVFROM,AF14A414-0400-0000-0000-000000000020,963B6971-FB0F-2515-F696-690300000010,1523641621548710806
80370C6E-0AA5-8037-0C49-8F0000000040,EVENT_RECVFROM,AF14A414-0400-0000-0000-000000000020,F1EA7871-FB0F-2515-F796-690300000010,1523641621549738737
80370C6E-0BA5-8037-0C49-8F0000000040,EVENT_RECVFROM,AF14A414-0400-0000-0000-000000000020,74810272-FB0F-2515-F896-690300000010,1523641621558755700
80370C6E-0BA5-8037-0C49-8F0000000040,EVENT_RECVFROM,AF14A414-0400-0000-0000-000000000020,24840872-FB0F-2515-F996-690300000010,1523641621559149604
80370C6E-0BA5-8037-0C49-8F0000000040,EVENT_RECVFROM,AF14A414-0400-0000-0000-000000000020,AC152272-FB0F-2515-FA96-690300000010,1523641621560825260
80370C6E-09A5-8037-0C49-8F0000000040,EVENT_RECVFROM,AF14A414-0400-0000-0000-000000000020,C04C8F77-FB0F-2515-1297-690300000010,1523641621651868864
80370C6E-09A5-8037-0C49-8F0000000040,EVENT_RECVFROM,AF14A414-0400-0000-0000-000000000020,1AC26F79-FB0F-2515-2C97-690300000010,1523641621683356186
80370C6E-09A5-8037-0C49-8F0000000040,EVENT_RECVFROM,AF14A414-0400-0000-0000-000000000020,D2F97579-FB0F-2515-2D97-690300000010,1523641621683763666
80370C6E-09A5-8037-0C49-8F0000000040,EVENT_RECVFROM,AF14A414-0400-0000-0000-000000000020,67B98779-FB0F-2515-2E97-690300000010,1523641621684926823
80370C6E-41A8-8037-0C49-8F0000000040,EVENT_RECVFROM,E516F918-0400-0000-0000-000000000020,84FFE863-F410-2515-5970-6D0300000010,1523642690769059716
E516F918-0400-0000-0000-000000000020,EVENT_SENDTO,80370C6E-41A8-8037-0C49-8F0000000040,ADAAF96D-F410-2515-3F74-6D0300000010,1523642690937924269
80370C6E-41A8-8037-0C49-8F0000000040,EVENT_RECVFROM,E516F918-0400-0000-0000-000000000020,4D4DDE71-F410-2515-8374-6D0300000010,1523642691003239757
E516F918-0400-0000-0000-000000000020,EVENT_SENDTO,80370C6E-41A8-8037-0C49-8F0000000040,F451E471-F410-2515-8474-6D0300000010,1523642691003634164
80370C6E-41A8-8037-0C49-8F0000000040,EVENT_RECVFROM,E516F918-0400-0000-0000-000000000020,5097F171-F410-2515-8574-6D0300000010,1523642691004503888
E516F918-0400-0000-0000-000000000020,EVENT_SENDTO,80370C6E-41A8-8037-0C49-8F0000000040,F5AB2172-F410-2515-8E74-6D0300000010,1523642691007654901
80370C6E-41A8-8037-0C49-8F0000000040,EVENT_RECVFROM,E516F918-0400-0000-0000-000000000020,974B4572-F410-2515-8F74-6D0300000010,1523642691009989527
E516F918-0400-0000-0000-000000000020,EVENT_SENDTO,80370C6E-41A8-8037-0C49-8F0000000040,0C494A72-F410-2515-9074-6D0300000010,1523642691010316556
80370C6E-41A8-8037-0C49-8F0000000040,EVENT_RECVFROM,E516F918-0400-0000-0000-000000000020,C9B9A772-F410-2515-9474-6D0300000010,1523642691016440265
E516F918-0400-0000-0000-000000000020,EVENT_SENDTO,80370C6E-41A8-8037-0C49-8F0000000040,83D7AE72-F410-2515-9574-6D0300000010,1523642691016906627
80370C6E-41A8-8037-0C49-8F0000000040,EVENT_RECVFROM,E516F918-0400-0000-0000-000000000020,65C6BB72-F410-2515-9674-6D0300000010,1523642691017754213
E516F918-0400-0000-0000-000000000020,EVENT_SENDTO,80370C6E-41A8-8037-0C49-8F0000000040,6DA9BE72-F410-2515-9774-6D0300000010,1523642691017943405
80370C6E-41A8-8037-0C49-8F0000000040,EVENT_RECVFROM,E516F918-0400-0000-0000-000000000020,399F0773-F410-2515-9874-6D0300000010,1523642691022724921
E516F918-0400-0000-0000-000000000020,EVENT_SENDTO,80370C6E-41A8-8037-0C49-8F0000000040,259C0A73-F410-2515-9974-6D0300000010,1523642691022920741
80370C6E-41A8-8037-0C49-8F0000000040,EVENT_RECVFROM,E516F918-0400-0000-0000-000000000020,BE9F1773-F410-2515-9A74-6D0300000010,1523642691023773630
E516F918-0400-0000-0000-000000000020,EVENT_SENDTO,80370C6E-41A8-8037-0C49-8F0000000040,EB801A73-F410-2515-9B74-6D0300000010,1523642691023962347
80370C6E-41A8-8037-0C49-8F0000000040,EVENT_RECVFROM,E516F918-0400-0000-0000-000000000020,C6AE6573-F410-2515-9E74-6D0300000010,1523642691028889286
E516F918-0400-0000-0000-000000000020,EVENT_SENDTO,80370C6E-41A8-8037-0C49-8F0000000040,95A96873-F410-2515-9F74-6D0300000010,1523642691029084565
80370C6E-41A8-8037-0C49-8F0000000040,EVENT_RECVFROM,E516F918-0400-0000-0000-000000000020,91D97573-F410-2515-A074-6D0300000010,1523642691029948817
E516F918-0400-0000-0000-000000000020,EVENT_SENDTO,80370C6E-41A8-8037-0C49-8F0000000040,1DBE7873-F410-2515-A174-6D0300000010,1523642691030138397
80370C6E-41A8-8037-0C49-8F0000000040,EVENT_RECVFROM,E516F918-0400-0000-0000-000000000020,30FCDB73-F410-2515-A274-6D0300000010,1523642691036642352
E516F918-0400-0000-0000-000000000020,EVENT_SENDTO,80370C6E-41A8-8037-0C49-8F0000000040,DBFBDE73-F410-2515-A374-6D0300000010,1523642691036838875
80370C6E-41A8-8037-0C49-8F0000000040,EVENT_RECVFROM,E516F918-0400-0000-0000-000000000020,A8AFEF73-F410-2515-A474-6D0300000010,1523642691037933480
E516F918-0400-0000-0000-000000000020,EVENT_SENDTO,80370C6E-41A8-8037-0C49-8F0000000040,BD50F273-F410-2515-A574-6D0300000010,1523642691038105789
80370C6E-41A8-8037-0C49-8F0000000040,EVENT_RECVFROM,E516F918-0400-0000-0000-000000000020,B9AE4574-F410-2515-A674-6D0300000010,1523642691043569337
E516F918-0400-0000-0000-000000000020,EVENT_SENDTO,80370C6E-41A8-8037-0C49-8F0000000040,357C4874-F410-2515-A774-6D0300000010,1523642691043753013
80370C6E-41A8-8037-0C49-8F0000000040,EVENT_RECVFROM,E516F918-0400-0000-0000-000000000020,D98F5674-F410-2515-A874-6D0300000010,1523642691044675545
E516F918-0400-0000-0000-000000000020,EVENT_SENDTO,80370C6E-41A8-8037-0C49-8F0000000040,DFD95874-F410-2515-A974-6D0300000010,1523642691044825567
80370C6E-41A8-8037-0C49-8F0000000040,EVENT_RECVFROM,E516F918-0400-0000-0000-000000000020,BB61A274-F410-2515-AB74-6D0300000010,1523642691049644475
E516F918-0400-0000-0000-000000000020,EVENT_SENDTO,80370C6E-41A8-8037-0C49-8F0000000040,D35EA574-F410-2515-AC74-6D0300000010,1523642691049840339
80370C6E-41A8-8037-0C49-8F0000000040,EVENT_RECVFROM,E516F918-0400-0000-0000-000000000020,B91BB274-F410-2515-AD74-6D0300000010,1523642691050675129
E516F918-0400-0000-0000-000000000020,EVENT_SENDTO,80370C6E-41A8-8037-0C49-8F0000000040,219AB574-F410-2515-AE74-6D0300000010,1523642691050904097
80370C6E-41A8-8037-0C49-8F0000000040,EVENT_RECVFROM,E516F918-0400-0000-0000-000000000020,DFE83375-F410-2515-AF74-6D0300000010,1523642691059181791
E516F918-0400-0000-0000-000000000020,EVENT_SENDTO,80370C6E-41A8-8037-0C49-8F0000000040,83EB3675-F410-2515-B074-6D0300000010,1523642691059379075
80370C6E-41A8-8037-0C49-8F0000000040,EVENT_RECVFROM,E516F918-0400-0000-0000-000000000020,361A6075-F410-2515-B274-6D0300000010,1523642691062078006
E516F918-0400-0000-0000-000000000020,EVENT_SENDTO,80370C6E-41A8-8037-0C49-8F0000000040,764E6375-F410-2515-B374-6D0300000010,1523642691062287990
80370C6E-41A8-8037-0C49-8F0000000040,EVENT_RECVFROM,E516F918-0400-0000-0000-000000000020,B9DFAD75-F410-2515-B474-6D0300000010,1523642691067174841
E516F918-0400-0000-0000-000000000020,EVENT_SENDTO,80370C6E-41A8-8037-0C49-8F0000000040,F4C3B075-F410-2515-B574-6D0300000010,1523642691067364340
80370C6E-41A8-8037-0C49-8F0000000040,EVENT_RECVFROM,E516F918-0400-0000-0000-000000000020,2826C975-F410-2515-B674-6D0300000010,1523642691068962344
E516F918-0400-0000-0000-000000000020,EVENT_SENDTO,80370C6E-41A8-8037-0C49-8F0000000040,64B5E075-F410-2515-B774-6D0300000010,1523642691070506340
80370C6E-41A8-8037-0C49-8F0000000040,EVENT_RECVFROM,E516F918-0400-0000-0000-000000000020,5562527E-F410-2515-C274-6D0300000010,1523642691212173909
E516F918-0400-0000-0000-000000000020,EVENT_SENDTO,80370C6E-41A8-8037-0C49-8F0000000040,B2E6557E-F410-2515-C374-6D0300000010,1523642691212404402
80370C6E-41A8-8037-0C49-8F0000000040,EVENT_RECVFROM,E516F918-0400-0000-0000-000000000020,CCCB727E-F410-2515-C474-6D0300000010,1523642691214298060
80370C6E-41A8-8037-0C49-8F0000000040,EVENT_RECVFROM,E516F918-0400-0000-0000-000000000020,9841977E-F410-2515-C574-6D0300000010,1523642691216687512
E516F918-0400-0000-0000-000000000020,EVENT_SENDTO,80370C6E-41A8-8037-0C49-8F0000000040,2C05007F-F410-2515-C674-6D0300000010,1523642691223553324
80370C6E-41A8-8037-0C49-8F0000000040,EVENT_RECVFROM,E516F918-0400-0000-0000-000000000020,05D2A27F-F410-2515-CF74-6D0300000010,1523642691234222597
E516F918-0400-0000-0000-000000000020,EVENT_SENDTO,80370C6E-41A8-8037-0C49-8F0000000040,0B74C681-F410-2515-0475-6D0300000010,1523642691270112267
80370C6E-41A8-8037-0C49-8F0000000040,EVENT_RECVFROM,E516F918-0400-0000-0000-000000000020,A41EFF82-F410-2515-2675-6D0300000010,1523642691290603172
E516F918-0400-0000-0000-000000000020,EVENT_SENDTO,80370C6E-41A8-8037-0C49-8F0000000040,9B10319A-F410-2515-E975-6D0300000010,1523642691679752347
80370C6E-41A8-8037-0C49-8F0000000040,EVENT_RECVFROM,E516F918-0400-0000-0000-000000000020,E5DD539A-F410-2515-EA75-6D0300000010,1523642691682033125
E516F918-0400-0000-0000-000000000020,EVENT_SENDTO,80370C6E-41A8-8037-0C49-8F0000000040,B2E0F99B-F410-2515-5D76-6D0300000010,1523642691709690034
80370C6E-41A8-8037-0C49-8F0000000040,EVENT_RECVFROM,E516F918-0400-0000-0000-000000000020,69B2059C-F410-2515-5E76-6D0300000010,1523642691710464617
E516F918-0400-0000-0000-000000000020,EVENT_SENDTO,80370C6E-41A8-8037-0C49-8F0000000040,43EB649C-F410-2515-6276-6D0300000010,1523642691716705091
80370C6E-41A8-8037-0C49-8F0000000040,EVENT_RECVFROM,E516F918-0400-0000-0000-000000000020,D9BCF39C-F410-2515-6376-6D0300000010,1523642691726064857
80370C6E-41A8-8037-0C49-8F0000000040,EVENT_RECVFROM,E516F918-0400-0000-0000-000000000020,C267F49C-F410-2515-6476-6D0300000010,1523642691726108610
80370C6E-41A8-8037-0C49-8F0000000040,EVENT_RECVFROM,E516F918-0400-0000-0000-000000000020,522DF99C-F410-2515-6576-6D0300000010,1523642691726421330
80370C6E-41A8-8037-0C49-8F0000000040,EVENT_RECVFROM,E516F918-0400-0000-0000-000000000020,F783F99C-F410-2515-6676-6D0300000010,1523642691726443511
80370C6E-41A8-8037-0C49-8F0000000040,EVENT_RECVFROM,E516F918-0400-0000-0000-000000000020,B7D10C9D-F410-2515-6776-6D0300000010,1523642691727708599
80370C6E-41A8-8037-0C49-8F0000000040,EVENT_RECVFROM,E516F918-0400-0000-0000-000000000020,801F0D9D-F410-2515-6876-6D0300000010,1523642691727728512
E516F918-0400-0000-0000-000000000020,EVENT_SENDTO,80370C6E-41A8-8037-0C49-8F0000000040,578C939D-F410-2515-7C76-6D0300000010,1523642691736538199
80370C6E-41A8-8037-0C49-8F0000000040,EVENT_RECVFROM,E516F918-0400-0000-0000-000000000020,9651A69D-F410-2515-8476-6D0300000010,1523642691737768342
80370C6E-41A8-8037-0C49-8F0000000040,EVENT_RECVFROM,E516F918-0400-0000-0000-000000000020,B2CCA69D-F410-2515-8576-6D0300000010,1523642691737799858
80370C6E-41A8-8037-0C49-8F0000000040,EVENT_RECVFROM,E516F918-0400-0000-0000-000000000020,92D5AC9D-F410-2515-8676-6D0300000010,1523642691738195346
80370C6E-41A8-8037-0C49-8F0000000040,EVENT_RECVFROM,E516F918-0400-0000-0000-000000000020,DB20B09D-F410-2515-8776-6D0300000010,1523642691738411227
80370C6E-41A8-8037-0C49-8F0000000040,EVENT_RECVFROM,E516F918-0400-0000-0000-000000000020,3607B19D-F410-2515-8876-6D0300000010,1523642691738470198
80370C6E-41A8-8037-0C49-8F0000000040,EVENT_RECVFROM,E516F918-0400-0000-0000-000000000020,5EF3B19D-F410-2515-8976-6D0300000010,1523642691738530654
80370C6E-41A8-8037-0C49-8F0000000040,EVENT_RECVFROM,E516F918-0400-0000-0000-000000000020,7911B29D-F410-2515-8A76-6D0300000010,1523642691738538361
80370C6E-41A8-8037-0C49-8F0000000040,EVENT_RECVFROM,E516F918-0400-0000-0000-000000000020,8AE8B29D-F410-2515-8B76-6D0300000010,1523642691738593418
80370C6E-41A8-8037-0C49-8F0000000040,EVENT_RECVFROM,E516F918-0400-0000-0000-000000000020,8885B39D-F410-2515-8C76-6D0300000010,1523642691738633608
E516F918-0400-0000-0000-000000000020,EVENT_SENDTO,80370C6E-41A8-8037-0C49-8F0000000040,1B15D59D-F410-2515-9176-6D0300000010,1523642691740833051
80370C6E-41A8-8037-0C49-8F0000000040,EVENT_RECVFROM,E516F918-0400-0000-0000-000000000020,E233E69D-F410-2515-9276-6D0300000010,1523642691741955042
80370C6E-41A8-8037-0C49-8F0000000040,EVENT_RECVFROM,E516F918-0400-0000-0000-000000000020,BF7BE69D-F410-2515-9376-6D0300000010,1523642691741973439
80370C6E-41A8-8037-0C49-8F0000000040,EVENT_RECVFROM,E516F918-0400-0000-0000-000000000020,1D21E79D-F410-2515-9476-6D0300000010,1523642691742015773
80370C6E-41A8-8037-0C49-8F0000000040,EVENT_RECVFROM,E516F918-0400-0000-0000-000000000020,E77DEA9D-F410-2515-9576-6D0300000010,1523642691742236135
80370C6E-41A8-8037-0C49-8F0000000040,EVENT_RECVFROM,E516F918-0400-0000-0000-000000000020,7180EC9D-F410-2515-9676-6D0300000010,1523642691742367857
80370C6E-41A8-8037-0C49-8F0000000040,EVENT_RECVFROM,E516F918-0400-0000-0000-000000000020,6CBEF99D-F410-2515-9776-6D0300000010,1523642691743235692
80370C6E-41A8-8037-0C49-8F0000000040,EVENT_RECVFROM,E516F918-0400-0000-0000-000000000020,93E6F99D-F410-2515-9876-6D0300000010,1523642691743245971
E516F918-0400-0000-0000-000000000020,EVENT_SENDTO,80370C6E-41A8-8037-0C49-8F0000000040,58872B9E-F410-2515-9F76-6D0300000010,1523642691746498392
80370C6E-41A8-8037-0C49-8F0000000040,EVENT_RECVFROM,E516F918-0400-0000-0000-000000000020,7C31729E-F410-2515-A076-6D0300000010,1523642691751129468
80370C6E-41A8-8037-0C49-8F0000000040,EVENT_RECVFROM,E516F918-0400-0000-0000-000000000020,EB84729E-F410-2515-A176-6D0300000010,1523642691751150827
80370C6E-41A8-8037-0C49-8F0000000040,EVENT_RECVFROM,E516F918-0400-0000-0000-000000000020,0199729E-F410-2515-A276-6D0300000010,1523642691751155969
E516F918-0400-0000-0000-000000000020,EVENT_SENDTO,80370C6E-41A8-8037-0C49-8F0000000040,878EA09E-F410-2515-A776-6D0300000010,1523642691754167943
80370C6E-41A8-8037-0C49-8F0000000040,EVENT_RECVFROM,E516F918-0400-0000-0000-000000000020,9209EC9E-F410-2515-A876-6D0300000010,1523642691759114642
80370C6E-41A8-8037-0C49-8F0000000040,EVENT_RECVFROM,E516F918-0400-0000-0000-000000000020,524FEC9E-F410-2515-A976-6D0300000010,1523642691759132498
80370C6E-41A8-8037-0C49-8F0000000040,EVENT_RECVFROM,E516F918-0400-0000-0000-000000000020,0565EC9E-F410-2515-AA76-6D0300000010,1523642691759138053
E516F918-0400-0000-0000-000000000020,EVENT_SENDTO,80370C6E-41A8-8037-0C49-8F0000000040,D1A9079F-F410-2515-B176-6D0300000010,1523642691760925137
80370C6E-41A8-8037-0C49-8F0000000040,EVENT_RECVFROM,E516F918-0400-0000-0000-000000000020,6372189F-F410-2515-0E77-6D0300000010,1523642691762025059
80370C6E-41A8-8037-0C49-8F0000000040,EVENT_RECVFROM,E516F918-0400-0000-0000-000000000020,80541A9F-F410-2515-0F77-6D0300000010,1523642691762148480
80370C6E-41A8-8037-0C49-8F0000000040,EVENT_RECVFROM,E516F918-0400-0000-0000-000000000020,3D151B9F-F410-2515-1077-6D0300000010,1523642691762197821
80370C6E-41A8-8037-0C49-8F0000000040,EVENT_RECVFROM,E516F918-0400-0000-0000-000000000020,FBD31B9F-F410-2515-1177-6D0300000010,1523642691762246651
80370C6E-41A8-8037-0C49-8F0000000040,EVENT_RECVFROM,E516F918-0400-0000-0000-000000000020,DB5A249F-F410-2515-1477-6D0300000010,1523642691762805467
80370C6E-41A8-8037-0C49-8F0000000040,EVENT_RECVFROM,E516F918-0400-0000-0000-000000000020,A9F8259F-F410-2515-1577-6D0300000010,1523642691762911401
80370C6E-41A8-8037-0C49-8F0000000040,EVENT_RECVFROM,E516F918-0400-0000-0000-000000000020,8110269F-F410-2515-1677-6D0300000010,1523642691762917505
80370C6E-41A8-8037-0C49-8F0000000040,EVENT_RECVFROM,E516F918-0400-0000-0000-000000000020,C7DC269F-F410-2515-1777-6D0300000010,1523642691762969799
E516F918-0400-0000-0000-000000000020,EVENT_SENDTO,80370C6E-41A8-8037-0C49-8F0000000040,646D2F9F-F410-2515-1A77-6D0300000010,1523642691763531108
80370C6E-41A8-8037-0C49-8F0000000040,EVENT_RECVFROM,E516F918-0400-0000-0000-000000000020,6C2B409F-F410-2515-2877-6D0300000010,1523642691764628332
80370C6E-41A8-8037-0C49-8F0000000040,EVENT_RECVFROM,E516F918-0400-0000-0000-000000000020,05FB419F-F410-2515-2977-6D0300000010,1523642691764747013
80370C6E-41A8-8037-0C49-8F0000000040,EVENT_RECVFROM,E516F918-0400-0000-0000-000000000020,8FBD429F-F410-2515-2A77-6D0300000010,1523642691764796815
80370C6E-41A8-8037-0C49-8F0000000040,EVENT_RECVFROM,E516F918-0400-0000-0000-000000000020,E991439F-F410-2515-2B77-6D0300000010,1523642691764851177
80370C6E-41A8-8037-0C49-8F0000000040,EVENT_RECVFROM,E516F918-0400-0000-0000-000000000020,F39E499F-F410-2515-2D77-6D0300000010,1523642691765247731
80370C6E-41A8-8037-0C49-8F0000000040,EVENT_RECVFROM,E516F918-0400-0000-0000-000000000020,6A2F4D9F-F410-2515-2F77-6D0300000010,1523642691765481322
E516F918-0400-0000-0000-000000000020,EVENT_SENDTO,80370C6E-41A8-8037-0C49-8F0000000040,BB435DA3-F410-2515-6577-6D0300000010,1523642691833643963
80370C6E-41A8-8037-0C49-8F0000000040,EVENT_RECVFROM,E516F918-0400-0000-0000-000000000020,92E768A3-F410-2515-6877-6D0300000010,1523642691834406802
E516F918-0400-0000-0000-000000000020,EVENT_SENDTO,80370C6E-41A8-8037-0C49-8F0000000040,B9D318A4-F410-2515-B277-6D0300000010,1523642691845936057
80370C6E-41A8-8037-0C49-8F0000000040,EVENT_RECVFROM,E516F918-0400-0000-0000-000000000020,A16722A4-F410-2515-BA77-6D0300000010,1523642691846563745
E516F918-0400-0000-0000-000000000020,EVENT_SENDTO,80370C6E-41A8-8037-0C49-8F0000000040,303999A4-F410-2515-1178-6D0300000010,1523642691854350640
80370C6E-41A8-8037-0C49-8F0000000040,EVENT_RECVFROM,E516F918-0400-0000-0000-000000000020,8254A5A4-F410-2515-1978-6D0300000010,1523642691855144066
E516F918-0400-0000-0000-000000000020,EVENT_SENDTO,80370C6E-41A8-8037-0C49-8F0000000040,2D06ABA4-F410-2515-1A78-6D0300000010,1523642691855517229
80370C6E-41A8-8037-0C49-8F0000000040,EVENT_RECVFROM,E516F918-0400-0000-0000-000000000020,3C5AB6A4-F410-2515-1B78-6D0300000010,1523642691856259644
E516F918-0400-0000-0000-000000000020,EVENT_SENDTO,80370C6E-41A8-8037-0C49-8F0000000040,572AB9A4-F410-2515-1C78-6D0300000010,1523642691856443991
80370C6E-41A8-8037-0C49-8F0000000040,EVENT_RECVFROM,E516F918-0400-0000-0000-000000000020,4975C3A4-F410-2515-1D78-6D0300000010,1523642691857118537
E516F918-0400-0000-0000-000000000020,EVENT_SENDTO,80370C6E-41A8-8037-0C49-8F0000000040,CC204741-F910-2515-0691-6D0300000010,1523642711662862540
80370C6E-41A8-8037-0C49-8F0000000040,EVENT_RECVFROM,E516F918-0400-0000-0000-000000000020,86900E46-F910-2515-6C91-6D0300000010,1523642711743041670
E516F918-0400-0000-0000-000000000020,EVENT_SENDTO,80370C6E-41A8-8037-0C49-8F0000000040,43911146-F910-2515-6D91-6D0300000010,1523642711743238467
80370C6E-41A8-8037-0C49-8F0000000040,EVENT_RECVFROM,E516F918-0400-0000-0000-000000000020,FCE41C46-F910-2515-6E91-6D0300000010,1523642711743980796
E516F918-0400-0000-0000-000000000020,EVENT_SENDTO,80370C6E-41A8-8037-0C49-8F0000000040,C2481F46-F910-2515-6F91-6D0300000010,1523642711744137410
80370C6E-41A8-8037-0C49-8F0000000040,EVENT_RECVFROM,E516F918-0400-0000-0000-000000000020,8A312946-F910-2515-7091-6D0300000010,1523642711744786826
80370C6E-42A8-8037-0C49-8F0000000040,EVENT_RECVFROM,E516F918-0400-0000-0000-000000000020,0CCB6535-FD10-2515-BA9E-6D0300000010,1523642728643414796
E516F918-0400-0000-0000-000000000020,EVENT_SENDTO,80370C6E-42A8-8037-0C49-8F0000000040,C9446E35-FD10-2515-BB9E-6D0300000010,1523642728643970249
80370C6E-42A8-8037-0C49-8F0000000040,EVENT_RECVFROM,E516F918-0400-0000-0000-000000000020,670B3A39-FD10-2515-C69E-6D0300000010,1523642728707656551
E516F918-0400-0000-0000-000000000020,EVENT_SENDTO,80370C6E-42A8-8037-0C49-8F0000000040,EB1B4139-FD10-2515-C79E-6D0300000010,1523642728708119531
80370C6E-42A8-8037-0C49-8F0000000040,EVENT_RECVFROM,E516F918-0400-0000-0000-000000000020,7F08B33A-FD10-2515-C89E-6D0300000010,1523642728732362879
80370C6E-43A8-8037-0C49-8F0000000040,EVENT_RECVFROM,E516F918-0400-0000-0000-000000000020,4F34E240-FD10-2515-87A0-6D0300000010,1523642728836117583
E516F918-0400-0000-0000-000000000020,EVENT_SENDTO,80370C6E-43A8-8037-0C49-8F0000000040,20D2EA40-FD10-2515-88A0-6D0300000010,1523642728836682272
80370C6E-43A8-8037-0C49-8F0000000040,EVENT_RECVFROM,E516F918-0400-0000-0000-000000000020,CF9EE345-FD10-2515-89A0-6D0300000010,1523642728920096463
E516F918-0400-0000-0000-000000000020,EVENT_SENDTO,80370C6E-43A8-8037-0C49-8F0000000040,DA84EB45-FD10-2515-8AA0-6D0300000010,1523642728920614106
80370C6E-43A8-8037-0C49-8F0000000040,EVENT_RECVFROM,E516F918-0400-0000-0000-000000000020,2BD7BA47-FD10-2515-8BA0-6D0300000010,1523642728950978347
E516F918-0400-0000-0000-000000000020,EVENT_SENDTO,80370C6E-43A8-8037-0C49-8F0000000040,3709BF47-FD10-2515-8CA0-6D0300000010,1523642728951253303
80370C6E-43A8-8037-0C49-8F0000000040,EVENT_RECVFROM,E516F918-0400-0000-0000-000000000020,380DDA47-FD10-2515-8DA0-6D0300000010,1523642728953023800
E516F918-0400-0000-0000-000000000020,EVENT_SENDTO,80370C6E-43A8-8037-0C49-8F0000000040,49F51248-FD10-2515-8EA0-6D0300000010,1523642728956753225
80370C6E-43A8-8037-0C49-8F0000000040,EVENT_RECVFROM,E516F918-0400-0000-0000-000000000020,5F4E5D48-FD10-2515-8FA0-6D0300000010,1523642728961625695
E516F918-0400-0000-0000-000000000020,EVENT_SENDTO,80370C6E-43A8-8037-0C49-8F0000000040,170C0D4A-FD10-2515-ACA0-6D0300000010,1523642728989920279
80370C6E-43A8-8037-0C49-8F0000000040,EVENT_RECVFROM,E516F918-0400-0000-0000-000000000020,DCDE464A-FD10-2515-ADA0-6D0300000010,1523642728993709788
E516F918-0400-0000-0000-000000000020,EVENT_SENDTO,80370C6E-43A8-8037-0C49-8F0000000040,2BB7654D-FD10-2515-CCA0-6D0300000010,1523642729046062891
80370C6E-43A8-8037-0C49-8F0000000040,EVENT_RECVFROM,E516F918-0400-0000-0000-000000000020,2F65764D-FD10-2515-DFA0-6D0300000010,1523642729047156015
E516F918-0400-0000-0000-000000000020,EVENT_SENDTO,80370C6E-42A8-8037-0C49-8F0000000040,C8C5A264-FD10-2515-59A2-6D0300000010,1523642729435940296
80370C6E-42A8-8037-0C49-8F0000000040,EVENT_RECVFROM,E516F918-0400-0000-0000-000000000020,3AFD9166-FD10-2515-5AA2-6D0300000010,1523642729468394810
0100D00F-2B25-2E00-0000-00002AB88E25,EVENT_OPEN,DA16F918-0400-0000-0000-000000000020,09943377-0011-2515-10A8-6D0300000010,1523642742632322057
E516F918-0400-0000-0000-000000000020,EVENT_SENDTO,80370C6E-43A8-8037-0C49-8F0000000040,70F06B58-0211-2515-40AA-6D0300000010,1523642750705856624
E516F918-0400-0000-0000-000000000020,EVENT_SENDTO,80370C6E-42A8-8037-0C49-8F0000000040,7F466E58-0211-2515-41AA-6D0300000010,1523642750706009727
E516F918-0400-0000-0000-000000000020,EVENT_SENDTO,80370C6E-41A8-8037-0C49-8F0000000040,961C7258-0211-2515-42AA-6D0300000010,1523642750706261142
80370C6E-42A8-8037-0C49-8F0000000040,EVENT_RECVFROM,E516F918-0400-0000-0000-000000000020,6E197D58-0211-2515-43AA-6D0300000010,1523642750706981230
80370C6E-43A8-8037-0C49-8F0000000040,EVENT_RECVFROM,E516F918-0400-0000-0000-000000000020,8C6F7D58-0211-2515-44AA-6D0300000010,1523642750707003276
80370C6E-41A8-8037-0C49-8F0000000040,EVENT_RECVFROM,E516F918-0400-0000-0000-000000000020,D1458058-0211-2515-45AA-6D0300000010,1523642750707189201
80370C6E-42A8-8037-0C49-8F0000000040,EVENT_RECVFROM,E516F918-0400-0000-0000-000000000020,AC649B58-0211-2515-46AA-6D0300000010,1523642750708966572
80370C6E-43A8-8037-0C49-8F0000000040,EVENT_RECVFROM,E516F918-0400-0000-0000-000000000020,EA702B59-0211-2515-47AA-6D0300000010,1523642750718406890
80370C6E-43A8-8037-0C49-8F0000000040,EVENT_RECVFROM,E516F918-0400-0000-0000-000000000020,15663459-0211-2515-48AA-6D0300000010,1523642750718993941
80370C6E-43A8-8037-0C49-8F0000000040,EVENT_RECVFROM,E516F918-0400-0000-0000-000000000020,0C895059-0211-2515-49AA-6D0300000010,1523642750720837900
80370C6E-41A8-8037-0C49-8F0000000040,EVENT_RECVFROM,E516F918-0400-0000-0000-000000000020,B748D85A-0211-2515-61AA-6D0300000010,1523642750746511543
80370C6E-41A8-8037-0C49-8F0000000040,EVENT_RECVFROM,E516F918-0400-0000-0000-000000000020,4FBFDD5A-0211-2515-64AA-6D0300000010,1523642750746869583
