00F2DC72-7043-11E9-B41B-D4AE52C1DBD3,EVENT_ACCEPT,00F33638-7043-11E9-B41B-D4AE52C1DBD3,C3571CC4-51A9-4EC9-9BCD-E2AA7223CA2C,1558013504923517515
00F33638-7043-11E9-B41B-D4AE52C1DBD3,EVENT_CONNECT,F2AED0DB-77DE-11E9-B41B-D4AE52C1DBD3,C6ED264A-E54C-4ACF-8C86-AD6C96ADB52B,1558013504943542723
00F33638-7043-11E9-B41B-D4AE52C1DBD3,EVENT_WRITE,F2AED0DB-77DE-11E9-B41B-D4AE52C1DBD3,D3E0946D-EC3B-4103-B3D9-0ABC7C3F62BE,1558013504953702878
F2AED0DB-77DE-11E9-B41B-D4AE52C1DBD3,EVENT_RECVFROM,00F33638-7043-11E9-B41B-D4AE52C1DBD3,8385CA19-F93E-4D1A-9439-D6051D855B9E,1558013505013511234
00F33638-7043-11E9-B41B-D4AE52C1DBD3,EVENT_CLOSE,F2AED0DB-77DE-11E9-B41B-D4AE52C1DBD3,2101BCCF-CBEF-4B4A-9282-E22BD98E91B5,1558013505023640753
00F33638-7043-11E9-B41B-D4AE52C1DBD3,EVENT_WRITE,0CE6DEF9-CAA1-795F-A1CA-8B642F79D07D,392DE1FA-C57C-417A-8251-08017F8283EE,1558013505023640753
00F33638-7043-11E9-B41B-D4AE52C1DBD3,EVENT_WRITE,0CE6DEF9-CAA1-795F-A1CA-8B642F79D07D,C4A08E4F-2F76-4DE5-8DD1-BD2C6844A0A1,1558013505033582278
00F33638-7043-11E9-B41B-D4AE52C1DBD3,EVENT_WRITE,923E0EB6-34ED-E15C-AD34-BDCFCCE1A99F,ECCF3866-DB34-4BA3-B9BA-3E4EDB15FB00,1558013505033582278
B3BD3A42-7042-11E9-A28B-D4AE52C1DBD3,EVENT_ACCEPT,B3BE35BB-7042-11E9-A28B-D4AE52C1DBD3,BE859F89-EA9F-469B-9EE9-4B3CCCA81749,1558013582441291989
7281A09A-77DF-11E9-B41B-D4AE52C1DBD3,EVENT_RECVFROM,00F33638-7043-11E9-B41B-D4AE52C1DBD3,7B4A3C3C-E719-4299-9419-C91C3E3FD4EC,1558013719393621925
7281A09A-77DF-11E9-B41B-D4AE52C1DBD3,EVENT_RECVFROM,00F33638-7043-11E9-B41B-D4AE52C1DBD3,82C33606-9DB8-42D7-BEBE-0A007FDA0B34,1558013719393621925
00F2DC72-7043-11E9-B41B-D4AE52C1DBD3,EVENT_ACCEPT,00F33638-7043-11E9-B41B-D4AE52C1DBD3,2F9E506F-55AD-47A8-825E-F79C3EBB191D,1558013719393621925
00F2DC72-7043-11E9-B41B-D4AE52C1DBD3,EVENT_ACCEPT,00F3278E-7043-11E9-B41B-D4AE52C1DBD3,29085497-9462-4BAB-A1CB-FE87FBEFB8D1,1558013787623724321
9B2BF81D-77DF-11E9-B41B-D4AE52C1DBD3,EVENT_RECVFROM,00F3278E-7043-11E9-B41B-D4AE52C1DBD3,B3D4DE93-67CA-4065-BC16-9A4FA5D1DB8C,1558013787643487447
9B2BF81D-77DF-11E9-B41B-D4AE52C1DBD3,EVENT_RECVFROM,00F3278E-7043-11E9-B41B-D4AE52C1DBD3,3752C6C1-2B27-464E-95E2-706EABFA5D04,1558013787643487447
680AFF23-5240-8954-8052-DB7044890360,EVENT_MMAP,C45124D6-77E1-11E9-B41B-D4AE52C1DBD3,471A5783-121B-474C-8CA5-87F422B6C2C9,1558014715643464905
680AFF23-5240-8954-8052-DB7044890360,EVENT_MMAP,C45124D6-77E1-11E9-B41B-D4AE52C1DBD3,CBB417A7-9C3F-400E-952A-93F37B8D080A,1558014715643464905
680AFF23-5240-8954-8052-DB7044890360,EVENT_MMAP,C45124D6-77E1-11E9-B41B-D4AE52C1DBD3,BBBB7AE1-D7C0-4C23-A95D-AE6BF5E662B4,1558014715643464905
680AFF23-5240-8954-8052-DB7044890360,EVENT_MMAP,C45124D6-77E1-11E9-B41B-D4AE52C1DBD3,976A768A-DE63-4F64-B9BF-A2FC63E008C2,1558014715643464905
680AFF23-5240-8954-8052-DB7044890360,EVENT_MMAP,C45124D6-77E1-11E9-B41B-D4AE52C1DBD3,64AA9589-F8AA-439E-AA1B-F85F21634CF2,1558014715643464905
680AFF23-5240-8954-8052-DB7044890360,EVENT_MMAP,C45124D6-77E1-11E9-B41B-D4AE52C1DBD3,D04655A6-25F9-48D3-A50F-A44EB257C3E7,1558014715643464905
738B7C9F-D3EE-6A5F-AED3-FF407F6A7609,EVENT_READ,C45124D6-77E1-11E9-B41B-D4AE52C1DBD3,CAC3EF0D-8F01-41E9-B6D7-93BD40FE6324,1558014715643464905
C2700AB4-77E1-11E9-B41B-D4AE52C1DBD3,EVENT_FORK,C45124D6-77E1-11E9-B41B-D4AE52C1DBD3,8BEF831F-75BD-4BDF-A960-1722F5C01A6C,1558014715643464905
F410BE96-4C0C-765E-8C4C-6F0E2E760020,EVENT_MMAP,C45124D6-77E1-11E9-B41B-D4AE52C1DBD3,DC24C9D7-4DFC-4022-B5C7-3608303BEB3A,1558014715643464905
F410BE96-4C0C-765E-8C4C-6F0E2E760020,EVENT_MMAP,C45124D6-77E1-11E9-B41B-D4AE52C1DBD3,F211547E-3357-4B23-A38D-68D52832629B,1558014715643464905
F410BE96-4C0C-765E-8C4C-6F0E2E760020,EVENT_OPEN,C45124D6-77E1-11E9-B41B-D4AE52C1DBD3,EE957F66-9B28-43FE-9167-1A3CE17F732F,1558014715643464905
C45124D6-77E1-11E9-B41B-D4AE52C1DBD3,EVENT_CLOSE,680AFF23-5240-8954-8052-DB7044890360,56D99C96-038F-4B68-86AA-CABA324D0DB8,1558014715643464905
680AFF23-5240-8954-8052-DB7044890360,EVENT_MMAP,C45124D6-77E1-11E9-B41B-D4AE52C1DBD3,0C5EDE96-F3DC-4806-A2C2-66BD42E18D60,1558014715643464905
680AFF23-5240-8954-8052-DB7044890360,EVENT_MMAP,C45124D6-77E1-11E9-B41B-D4AE52C1DBD3,C57A24FD-74BC-40E8-A290-9E0823D09F3D,1558014715643464905
738B7C9F-D3EE-6A5F-AED3-FF407F6A7609,EVENT_READ,C45124D6-77E1-11E9-B41B-D4AE52C1DBD3,EBE6075B-DE97-46E8-A691-DB5C8B2010FB,1558014715643464905
738B7C9F-D3EE-6A5F-AED3-FF407F6A7609,EVENT_OPEN,C45124D6-77E1-11E9-B41B-D4AE52C1DBD3,A816EB31-9D14-4861-8DAE-9FAB4E75B07A,1558014715643464905
C45124D6-77E1-11E9-B41B-D4AE52C1DBD3,EVENT_CLOSE,908C1871-9556-355C-9695-1D084C35A52A,18E87969-4403-48D2-86EE-D48D71BDE989,1558014715643464905
908C1871-9556-355C-9695-1D084C35A52A,EVENT_READ,C45124D6-77E1-11E9-B41B-D4AE52C1DBD3,4B53DBA9-298C-4B49-BCE0-0A3D905D1417,1558014715643464905
908C1871-9556-355C-9695-1D084C35A52A,EVENT_OPEN,C45124D6-77E1-11E9-B41B-D4AE52C1DBD3,D1A55D8B-9E12-4694-A09C-72EDAF9EB877,1558014715643464905
EB3C59D2-D408-C758-88D4-48C2F8C7517B,EVENT_EXECUTE,C45124D6-77E1-11E9-B41B-D4AE52C1DBD3,2EF2228A-06B4-4AD9-A5B3-E4903C266FBF,1558014715643464905
680AFF23-5240-8954-8052-DB7044890360,EVENT_OPEN,C45124D6-77E1-11E9-B41B-D4AE52C1DBD3,C5D624C0-8916-4372-B0A2-E048672B867C,1558014715643464905
C45124D6-77E1-11E9-B41B-D4AE52C1DBD3,EVENT_CLOSE,738B7C9F-D3EE-6A5F-AED3-FF407F6A7609,12A88AB6-8358-42DA-BE97-9B9249FD2F46,1558014715643464905
C45124D6-77E1-11E9-B41B-D4AE52C1DBD3,EVENT_CLOSE,F410BE96-4C0C-765E-8C4C-6F0E2E760020,5027E804-8923-4DDB-BBC7-35BD29DD54BB,1558014715653613318
C45124D6-77E1-11E9-B41B-D4AE52C1DBD3,EVENT_EXIT,C45124D6-77E1-11E9-B41B-D4AE52C1DBD3,BD602CA5-7C66-4CBE-8D16-99F07884FD50,1558014715653613318
C45124D6-77E1-11E9-B41B-D4AE52C1DBD3,EVENT_WRITE,EDAD853A-31D9-ED54-9931-889CC4ED15B6,9143EABE-65CA-4A67-8FB2-65660C93242A,1558014715653613318
908C1871-9556-355C-9695-1D084C35A52A,EVENT_READ,E15F7631-77E1-11E9-A28B-D4AE52C1DBD3,3D754F34-6C19-4C78-98A0-C5A48905E05B,1558014764391198749
908C1871-9556-355C-9695-1D084C35A52A,EVENT_OPEN,E15F7631-77E1-11E9-A28B-D4AE52C1DBD3,A72CB41F-5B64-409B-A932-23D057896738,1558014764391198749
EB3C59D2-D408-C758-88D4-48C2F8C7517B,EVENT_EXECUTE,E15F7631-77E1-11E9-A28B-D4AE52C1DBD3,2402168C-2CA1-4536-86B0-4956A17B15F0,1558014764391198749
E1594BC0-77E1-11E9-A28B-D4AE52C1DBD3,EVENT_FORK,E15F7631-77E1-11E9-A28B-D4AE52C1DBD3,16828C25-D472-4149-A8D7-4E1C0AB1639B,1558014764391198749
E15F7631-77E1-11E9-A28B-D4AE52C1DBD3,EVENT_CLOSE,680AFF23-5240-8954-8052-DB7044890360,0AAF2A91-FBC0-4491-A472-CE4D4E00DDAA,1558014764391198749
680AFF23-5240-8954-8052-DB7044890360,EVENT_MMAP,E15F7631-77E1-11E9-A28B-D4AE52C1DBD3,8790EEA5-FC37-412C-85CE-AFB98A9010C0,1558014764391198749
680AFF23-5240-8954-8052-DB7044890360,EVENT_MMAP,E15F7631-77E1-11E9-A28B-D4AE52C1DBD3,EE0864A3-E5B7-4E62-9884-25EF7E4FC6B1,1558014764391198749
680AFF23-5240-8954-8052-DB7044890360,EVENT_MMAP,E15F7631-77E1-11E9-A28B-D4AE52C1DBD3,9F065134-54D1-413F-92DD-8CF44720AF34,1558014764391198749
680AFF23-5240-8954-8052-DB7044890360,EVENT_MMAP,E15F7631-77E1-11E9-A28B-D4AE52C1DBD3,78B2607A-E4BB-4B71-B187-36787FE164CE,1558014764391198749
680AFF23-5240-8954-8052-DB7044890360,EVENT_MMAP,E15F7631-77E1-11E9-A28B-D4AE52C1DBD3,3A1930DD-02B5-479F-8D3A-8A62CE896AC9,1558014764391198749
680AFF23-5240-8954-8052-DB7044890360,EVENT_MMAP,E15F7631-77E1-11E9-A28B-D4AE52C1DBD3,5552FFBD-A631-45D2-AFD5-5427CA36C39E,1558014764391198749
680AFF23-5240-8954-8052-DB7044890360,EVENT_MMAP,E15F7631-77E1-11E9-A28B-D4AE52C1DBD3,1CCD1795-01A7-41F4-8214-B8E389CD5BBF,1558014764391198749
680AFF23-5240-8954-8052-DB7044890360,EVENT_MMAP,E15F7631-77E1-11E9-A28B-D4AE52C1DBD3,CC0187E2-7972-442D-97F2-2980FFDBE89A,1558014764391198749
680AFF23-5240-8954-8052-DB7044890360,EVENT_OPEN,E15F7631-77E1-11E9-A28B-D4AE52C1DBD3,ED5DAAD9-96EB-4D13-84BB-B930A9552DF3,1558014764391198749
E15F7631-77E1-11E9-A28B-D4AE52C1DBD3,EVENT_CLOSE,AFA4EC8C-5776-FD5D-B657-EE55DDFD7978,C0C29497-E8D6-4E8F-A9E4-0672ACCC6074,1558014764391198749
AFA4EC8C-5776-FD5D-B657-EE55DDFD7978,EVENT_READ,E15F7631-77E1-11E9-A28B-D4AE52C1DBD3,EF750461-28E7-4D5B-9EEA-0A8A263EEFFF,1558014764391198749
AFA4EC8C-5776-FD5D-B657-EE55DDFD7978,EVENT_READ,E15F7631-77E1-11E9-A28B-D4AE52C1DBD3,4301A58E-A214-4225-95A8-0BA5E5016B07,1558014764391198749
AFA4EC8C-5776-FD5D-B657-EE55DDFD7978,EVENT_OPEN,E15F7631-77E1-11E9-A28B-D4AE52C1DBD3,1A7D6263-6674-424F-89A4-EFADA5942B0E,1558014764391198749
E15F7631-77E1-11E9-A28B-D4AE52C1DBD3,EVENT_CLOSE,908C1871-9556-355C-9695-1D084C35A52A,D4F7A760-09AC-4220-99A9-C0B2025DEBB3,1558014764391198749
F410BE96-4C0C-765E-8C4C-6F0E2E760020,EVENT_OPEN,E15F7631-77E1-11E9-A28B-D4AE52C1DBD3,24A4E6A6-1F2F-49DB-AC13-BB999BCDBCAB,1558014764401346375
F410BE96-4C0C-765E-8C4C-6F0E2E760020,EVENT_MMAP,E15F7631-77E1-11E9-A28B-D4AE52C1DBD3,EE42F777-50B7-4D87-8687-85DB0D2E4177,1558014764401346375
E15F7631-77E1-11E9-A28B-D4AE52C1DBD3,EVENT_CLOSE,F410BE96-4C0C-765E-8C4C-6F0E2E760020,53EE474E-E8A6-48B4-BF76-C5AB495AB44C,1558014764401346375
F410BE96-4C0C-765E-8C4C-6F0E2E760020,EVENT_MMAP,E15F7631-77E1-11E9-A28B-D4AE52C1DBD3,850836ED-87C0-4C0A-AFF3-052BB0536AC5,1558014764401346375
79994A16-77E2-11E9-B41B-D4AE52C1DBD3,EVENT_FORK,836C6FA6-77E2-11E9-B41B-D4AE52C1DBD3,10805B50-72BD-4B52-86FC-FE02ECB7D2EC,1558015036273457542
EB3C59D2-D408-C758-88D4-48C2F8C7517B,EVENT_EXECUTE,836C6FA6-77E2-11E9-B41B-D4AE52C1DBD3,59D87188-A29B-449A-82BB-B3FA33931478,1558015036273457542
908C1871-9556-355C-9695-1D084C35A52A,EVENT_OPEN,836C6FA6-77E2-11E9-B41B-D4AE52C1DBD3,979830B6-5159-42D4-8F1F-50F1FE2C8F2B,1558015036273457542
908C1871-9556-355C-9695-1D084C35A52A,EVENT_READ,836C6FA6-77E2-11E9-B41B-D4AE52C1DBD3,2CE19647-B6B4-4812-9C5D-87BC48FD8A0A,1558015036273457542
836C6FA6-77E2-11E9-B41B-D4AE52C1DBD3,EVENT_CLOSE,908C1871-9556-355C-9695-1D084C35A52A,22EA91B0-7440-450C-8458-729780F3438C,1558015036273457542
738B7C9F-D3EE-6A5F-AED3-FF407F6A7609,EVENT_OPEN,836C6FA6-77E2-11E9-B41B-D4AE52C1DBD3,272C7B83-B97B-4920-98B2-342B5EA1377A,1558015036273457542
738B7C9F-D3EE-6A5F-AED3-FF407F6A7609,EVENT_READ,836C6FA6-77E2-11E9-B41B-D4AE52C1DBD3,D851FCDC-F8EE-434D-B401-154A7E9B0D08,1558015036273457542
738B7C9F-D3EE-6A5F-AED3-FF407F6A7609,EVENT_READ,836C6FA6-77E2-11E9-B41B-D4AE52C1DBD3,E701C0E7-0C42-4E4B-9FFE-73E62838B2CE,1558015036273457542
836C6FA6-77E2-11E9-B41B-D4AE52C1DBD3,EVENT_CLOSE,738B7C9F-D3EE-6A5F-AED3-FF407F6A7609,2E2D5F56-5E9A-489A-AC7E-86657BE3370F,1558015036273457542
680AFF23-5240-8954-8052-DB7044890360,EVENT_OPEN,836C6FA6-77E2-11E9-B41B-D4AE52C1DBD3,47002319-0101-422A-A3AB-92EEDEA24401,1558015036273457542
680AFF23-5240-8954-8052-DB7044890360,EVENT_MMAP,836C6FA6-77E2-11E9-B41B-D4AE52C1DBD3,19FB8800-DB92-4638-9DE3-645E35A82F97,1558015036273457542
680AFF23-5240-8954-8052-DB7044890360,EVENT_MMAP,836C6FA6-77E2-11E9-B41B-D4AE52C1DBD3,A9F19F17-1185-45E7-B8E2-0B07C047DC48,1558015036273457542
680AFF23-5240-8954-8052-DB7044890360,EVENT_MMAP,836C6FA6-77E2-11E9-B41B-D4AE52C1DBD3,2FB1E34C-94EA-43EA-A9E1-4ACC42F6153F,1558015036273457542
680AFF23-5240-8954-8052-DB7044890360,EVENT_MMAP,836C6FA6-77E2-11E9-B41B-D4AE52C1DBD3,3B74D5A4-F0CC-4A6B-AD44-F566BA6A2474,1558015036273457542
680AFF23-5240-8954-8052-DB7044890360,EVENT_MMAP,836C6FA6-77E2-11E9-B41B-D4AE52C1DBD3,91F1B12B-613D-4D3F-8DBE-14896A6FD8CC,1558015036273457542
680AFF23-5240-8954-8052-DB7044890360,EVENT_MMAP,836C6FA6-77E2-11E9-B41B-D4AE52C1DBD3,2CE11A7F-2973-4708-9090-37F0D05C58BD,1558015036273457542
680AFF23-5240-8954-8052-DB7044890360,EVENT_MMAP,836C6FA6-77E2-11E9-B41B-D4AE52C1DBD3,940E2B98-4879-4D4F-A129-F8372F68C6BE,1558015036273457542
680AFF23-5240-8954-8052-DB7044890360,EVENT_MMAP,836C6FA6-77E2-11E9-B41B-D4AE52C1DBD3,DE0280B9-3F92-47DF-AFE7-0DA66D0EE31C,1558015036273457542
836C6FA6-77E2-11E9-B41B-D4AE52C1DBD3,EVENT_CLOSE,680AFF23-5240-8954-8052-DB7044890360,73147EDD-E9BA-4055-BC82-9A7EEACF7883,1558015036273457542
F410BE96-4C0C-765E-8C4C-6F0E2E760020,EVENT_OPEN,836C6FA6-77E2-11E9-B41B-D4AE52C1DBD3,B59A58BC-6902-4AE1-8EEC-EE9450B806CF,1558015036273457542
F410BE96-4C0C-765E-8C4C-6F0E2E760020,EVENT_MMAP,836C6FA6-77E2-11E9-B41B-D4AE52C1DBD3,A8F269FB-AC27-471B-B777-CB85F93909D0,1558015036273457542
F410BE96-4C0C-765E-8C4C-6F0E2E760020,EVENT_MMAP,836C6FA6-77E2-11E9-B41B-D4AE52C1DBD3,36F919FF-C6BC-40FF-8BF1-CAB5BC674CF2,1558015036273457542
836C6FA6-77E2-11E9-B41B-D4AE52C1DBD3,EVENT_CLOSE,F410BE96-4C0C-765E-8C4C-6F0E2E760020,5354F6BE-A81D-48E8-AF37-F86ECE392270,1558015036273457542
836C6FA6-77E2-11E9-B41B-D4AE52C1DBD3,EVENT_WRITE,EDAD853A-31D9-ED54-9931-889CC4ED15B6,5DDEFE48-3E68-45A1-99D8-9AE22411C46C,1558015036273457542
836C6FA6-77E2-11E9-B41B-D4AE52C1DBD3,EVENT_EXIT,836C6FA6-77E2-11E9-B41B-D4AE52C1DBD3,64C36FD4-E194-49CA-A6B5-12DB81B5AC64,1558015036273457542
CED88597-77E2-11E9-A28B-D4AE52C1DBD3,EVENT_RECVFROM,B3BE35BB-7042-11E9-A28B-D4AE52C1DBD3,857F362F-4DE9-4D1A-BF6D-A06508EA79F4,1558015162810910117
B3BD3A42-7042-11E9-A28B-D4AE52C1DBD3,EVENT_ACCEPT,B3BE35BB-7042-11E9-A28B-D4AE52C1DBD3,35B29B11-A84E-4484-A083-0CD5F7D75D46,1558015162810910117
CED86807-77E2-11E9-A28B-D4AE52C1DBD3,EVENT_RECVFROM,B3BE35BB-7042-11E9-A28B-D4AE52C1DBD3,7CC2B3E1-47A9-42BF-8D9C-4CEA4E363BCD,1558015162810910117
CED86807-77E2-11E9-A28B-D4AE52C1DBD3,EVENT_RECVFROM,B3BE35BB-7042-11E9-A28B-D4AE52C1DBD3,D9C423C5-4802-4132-866C-79BEBD90A094,1558015162810910117
B3BE35BB-7042-11E9-A28B-D4AE52C1DBD3,EVENT_CONNECT,CED88597-77E2-11E9-A28B-D4AE52C1DBD3,99635C3F-0D8D-4928-B660-2927BA52A8FD,1558015162810910117
B3BE35BB-7042-11E9-A28B-D4AE52C1DBD3,EVENT_SENDTO,CED88597-77E2-11E9-A28B-D4AE52C1DBD3,9CC7538B-E485-403A-A395-BB0E8945C3DF,1558015162810910117
CED88597-77E2-11E9-A28B-D4AE52C1DBD3,EVENT_RECVFROM,B3BE35BB-7042-11E9-A28B-D4AE52C1DBD3,127AFCA0-C275-4177-8FDD-74E658DC590A,1558015162810910117
CED88597-77E2-11E9-A28B-D4AE52C1DBD3,EVENT_RECVFROM,B3BE35BB-7042-11E9-A28B-D4AE52C1DBD3,F93A0D44-F39B-4A7D-BD5B-51FF00D19C68,1558015162810910117
CED88597-77E2-11E9-A28B-D4AE52C1DBD3,EVENT_RECVFROM,B3BE35BB-7042-11E9-A28B-D4AE52C1DBD3,3AB5AE72-B36D-40B6-9AA9-5945D22F3B60,1558015162810910117
CED88597-77E2-11E9-A28B-D4AE52C1DBD3,EVENT_RECVFROM,B3BE35BB-7042-11E9-A28B-D4AE52C1DBD3,0C8063F2-383E-4B37-87BC-BBFA7460B005,1558015162810910117
CED88597-77E2-11E9-A28B-D4AE52C1DBD3,EVENT_RECVFROM,B3BE35BB-7042-11E9-A28B-D4AE52C1DBD3,21351E5D-94DF-4B0E-A894-ACCC163145D7,1558015162810910117
CED88597-77E2-11E9-A28B-D4AE52C1DBD3,EVENT_RECVFROM,B3BE35BB-7042-11E9-A28B-D4AE52C1DBD3,C28E6C75-36D4-4B2E-9908-EB49F48E5738,1558015162810910117
CED88597-77E2-11E9-A28B-D4AE52C1DBD3,EVENT_RECVFROM,B3BE35BB-7042-11E9-A28B-D4AE52C1DBD3,B40A654D-B7EA-4788-B733-A97771485193,1558015162810910117
CED88597-77E2-11E9-A28B-D4AE52C1DBD3,EVENT_RECVFROM,B3BE35BB-7042-11E9-A28B-D4AE52C1DBD3,BDE42D23-7002-4786-9772-2BA8C49984A9,1558015162810910117
CED88597-77E2-11E9-A28B-D4AE52C1DBD3,EVENT_RECVFROM,B3BE35BB-7042-11E9-A28B-D4AE52C1DBD3,D5FE4F79-D60C-4E4A-880F-377911685C12,1558015162810910117
CED88597-77E2-11E9-A28B-D4AE52C1DBD3,EVENT_RECVFROM,B3BE35BB-7042-11E9-A28B-D4AE52C1DBD3,7CA0B1AC-61D3-4E7C-A2C2-C798E6E2E540,1558015162810910117
CED88597-77E2-11E9-A28B-D4AE52C1DBD3,EVENT_RECVFROM,B3BE35BB-7042-11E9-A28B-D4AE52C1DBD3,13600B64-731D-48FD-A880-0742B53344D5,1558015162810910117
CED88597-77E2-11E9-A28B-D4AE52C1DBD3,EVENT_RECVFROM,B3BE35BB-7042-11E9-A28B-D4AE52C1DBD3,8EED4DEA-589B-47AA-B359-D2183F05CFA6,1558015162810910117
CED88597-77E2-11E9-A28B-D4AE52C1DBD3,EVENT_RECVFROM,B3BE35BB-7042-11E9-A28B-D4AE52C1DBD3,572AFA91-CC7A-4133-8BD2-02D068A4A480,1558015162810910117
CED88597-77E2-11E9-A28B-D4AE52C1DBD3,EVENT_RECVFROM,B3BE35BB-7042-11E9-A28B-D4AE52C1DBD3,DA4761A2-3346-4731-ADA7-010D22C555CD,1558015162810910117
CED88597-77E2-11E9-A28B-D4AE52C1DBD3,EVENT_RECVFROM,B3BE35BB-7042-11E9-A28B-D4AE52C1DBD3,E22C9703-B58C-43D6-9E6A-BC56E31E8C48,1558015162810910117
CED88597-77E2-11E9-A28B-D4AE52C1DBD3,EVENT_RECVFROM,B3BE35BB-7042-11E9-A28B-D4AE52C1DBD3,D9BC61FB-FF00-4929-A4B4-14D69B074345,1558015162810910117
CED88597-77E2-11E9-A28B-D4AE52C1DBD3,EVENT_RECVFROM,B3BE35BB-7042-11E9-A28B-D4AE52C1DBD3,8E6C045B-685A-414E-90DD-D0DC3E005605,1558015162810910117
CED88597-77E2-11E9-A28B-D4AE52C1DBD3,EVENT_RECVFROM,B3BE35BB-7042-11E9-A28B-D4AE52C1DBD3,05AF89DA-E9CE-48FD-9EB9-BDFF2B178142,1558015162810910117
CED88597-77E2-11E9-A28B-D4AE52C1DBD3,EVENT_RECVFROM,B3BE35BB-7042-11E9-A28B-D4AE52C1DBD3,4D9F3D25-9391-4387-9FC0-9A5D3EAF6D98,1558015162810910117
CED88597-77E2-11E9-A28B-D4AE52C1DBD3,EVENT_RECVFROM,B3BE35BB-7042-11E9-A28B-D4AE52C1DBD3,D18221A8-7CF5-471F-9C4B-FBAA0231B74D,1558015162810910117
CED88597-77E2-11E9-A28B-D4AE52C1DBD3,EVENT_RECVFROM,B3BE35BB-7042-11E9-A28B-D4AE52C1DBD3,478B8FF2-A4E6-433A-A332-EEF0CE19320C,1558015162810910117
CED88597-77E2-11E9-A28B-D4AE52C1DBD3,EVENT_RECVFROM,B3BE35BB-7042-11E9-A28B-D4AE52C1DBD3,763DA498-B81B-4965-8D61-F047F4E4E701,1558015162810910117
CED88597-77E2-11E9-A28B-D4AE52C1DBD3,EVENT_RECVFROM,B3BE35BB-7042-11E9-A28B-D4AE52C1DBD3,AA7FE1C5-A5E8-4DB7-936F-F5AC193DBFE5,1558015162810910117
CED88597-77E2-11E9-A28B-D4AE52C1DBD3,EVENT_RECVFROM,B3BE35BB-7042-11E9-A28B-D4AE52C1DBD3,67398F35-17B3-4AFF-A340-8850A686FC17,1558015162810910117
CED88597-77E2-11E9-A28B-D4AE52C1DBD3,EVENT_RECVFROM,B3BE35BB-7042-11E9-A28B-D4AE52C1DBD3,D1655C57-39CE-41A0-89B0-0D005EA22259,1558015162810910117
CED88597-77E2-11E9-A28B-D4AE52C1DBD3,EVENT_RECVFROM,B3BE35BB-7042-11E9-A28B-D4AE52C1DBD3,8C633AD0-5EBA-41ED-AA2C-52B37BDE9F14,1558015162810910117
CED88597-77E2-11E9-A28B-D4AE52C1DBD3,EVENT_RECVFROM,B3BE35BB-7042-11E9-A28B-D4AE52C1DBD3,F4CFC0AE-BA5C-459C-99AF-CF781AB3522F,1558015162810910117
CED88597-77E2-11E9-A28B-D4AE52C1DBD3,EVENT_RECVFROM,B3BE35BB-7042-11E9-A28B-D4AE52C1DBD3,BB83F067-5E3B-4ECE-A1C9-44E57E3BDFFF,1558015162810910117
CED88597-77E2-11E9-A28B-D4AE52C1DBD3,EVENT_RECVFROM,B3BE35BB-7042-11E9-A28B-D4AE52C1DBD3,92E3A8A9-7401-456A-9062-219F8839244C,1558015162810910117
CED88597-77E2-11E9-A28B-D4AE52C1DBD3,EVENT_RECVFROM,B3BE35BB-7042-11E9-A28B-D4AE52C1DBD3,19C81E84-B63C-4534-89C5-2ACF6D7C95DD,1558015162810910117
CED88597-77E2-11E9-A28B-D4AE52C1DBD3,EVENT_RECVFROM,B3BE35BB-7042-11E9-A28B-D4AE52C1DBD3,869D62C0-F4F1-4EC0-8ED6-45C29412E816,1558015162810910117
CED88597-77E2-11E9-A28B-D4AE52C1DBD3,EVENT_RECVFROM,B3BE35BB-7042-11E9-A28B-D4AE52C1DBD3,7003CED9-4B97-4CE8-8129-AA05A5E21F6F,1558015162810910117
CED88597-77E2-11E9-A28B-D4AE52C1DBD3,EVENT_RECVFROM,B3BE35BB-7042-11E9-A28B-D4AE52C1DBD3,C612F2A5-6ACF-41E7-9267-0E71C7F74AD2,1558015162810910117
CED88597-77E2-11E9-A28B-D4AE52C1DBD3,EVENT_RECVFROM,B3BE35BB-7042-11E9-A28B-D4AE52C1DBD3,E9992065-7DFC-4D31-B726-BE104CB83153,1558015162810910117
CED88597-77E2-11E9-A28B-D4AE52C1DBD3,EVENT_RECVFROM,B3BE35BB-7042-11E9-A28B-D4AE52C1DBD3,C17A3A55-4A04-4BFC-8787-016DA09E0160,1558015162810910117
CED88597-77E2-11E9-A28B-D4AE52C1DBD3,EVENT_RECVFROM,B3BE35BB-7042-11E9-A28B-D4AE52C1DBD3,B4B440A0-C39B-4F52-AAC3-6EF21C475F09,1558015162810910117
CED88597-77E2-11E9-A28B-D4AE52C1DBD3,EVENT_RECVFROM,B3BE35BB-7042-11E9-A28B-D4AE52C1DBD3,BAF41B14-1DE3-459A-AABC-92D0365581F5,1558015162810910117
CED88597-77E2-11E9-A28B-D4AE52C1DBD3,EVENT_RECVFROM,B3BE35BB-7042-11E9-A28B-D4AE52C1DBD3,2DD78A0B-541E-4B94-8B0D-AC08874D800C,1558015162810910117
CED88597-77E2-11E9-A28B-D4AE52C1DBD3,EVENT_RECVFROM,B3BE35BB-7042-11E9-A28B-D4AE52C1DBD3,EBE5F203-FC69-4EE8-9C04-B19C069468CD,1558015162810910117
CED88597-77E2-11E9-A28B-D4AE52C1DBD3,EVENT_RECVFROM,B3BE35BB-7042-11E9-A28B-D4AE52C1DBD3,07D8C4E1-7BAD-4DDA-AAC2-01860C6E65E4,1558015162810910117
CED88597-77E2-11E9-A28B-D4AE52C1DBD3,EVENT_RECVFROM,B3BE35BB-7042-11E9-A28B-D4AE52C1DBD3,DD95EFB4-C8E9-488B-8819-1203B7A1329D,1558015162810910117
CED88597-77E2-11E9-A28B-D4AE52C1DBD3,EVENT_RECVFROM,B3BE35BB-7042-11E9-A28B-D4AE52C1DBD3,21A14A4E-1101-46B1-A547-AF89E55613D8,1558015162810910117
CED88597-77E2-11E9-A28B-D4AE52C1DBD3,EVENT_RECVFROM,B3BE35BB-7042-11E9-A28B-D4AE52C1DBD3,B116835C-B644-4C78-93BC-24E364473874,1558015162810910117
CED88597-77E2-11E9-A28B-D4AE52C1DBD3,EVENT_RECVFROM,B3BE35BB-7042-11E9-A28B-D4AE52C1DBD3,946EDA44-A063-4F33-A137-B1991819D16B,1558015162810910117
CED88597-77E2-11E9-A28B-D4AE52C1DBD3,EVENT_RECVFROM,B3BE35BB-7042-11E9-A28B-D4AE52C1DBD3,65E30503-62BB-4AC9-949D-9751F8F6E46B,1558015162810910117
CED88597-77E2-11E9-A28B-D4AE52C1DBD3,EVENT_RECVFROM,B3BE35BB-7042-11E9-A28B-D4AE52C1DBD3,43B4D788-8DEA-47DE-AE49-267FE863105F,1558015162810910117
CED88597-77E2-11E9-A28B-D4AE52C1DBD3,EVENT_RECVFROM,B3BE35BB-7042-11E9-A28B-D4AE52C1DBD3,B2AB032C-29DE-4800-A3CF-BD95314DA8AA,1558015162810910117
CED88597-77E2-11E9-A28B-D4AE52C1DBD3,EVENT_RECVFROM,B3BE35BB-7042-11E9-A28B-D4AE52C1DBD3,BC4E17F5-3103-4AFC-B585-7598D0E63732,1558015162810910117
CED88597-77E2-11E9-A28B-D4AE52C1DBD3,EVENT_RECVFROM,B3BE35BB-7042-11E9-A28B-D4AE52C1DBD3,6416D400-AC6C-44BC-8624-31BD6F245978,1558015162810910117
CED88597-77E2-11E9-A28B-D4AE52C1DBD3,EVENT_RECVFROM,B3BE35BB-7042-11E9-A28B-D4AE52C1DBD3,991A04F0-1D45-447A-A2B8-95348D8E828E,1558015162810910117
CED88597-77E2-11E9-A28B-D4AE52C1DBD3,EVENT_RECVFROM,B3BE35BB-7042-11E9-A28B-D4AE52C1DBD3,D42C7008-E478-47B5-8FBE-E1AA3BD941C2,1558015162810910117
CED88597-77E2-11E9-A28B-D4AE52C1DBD3,EVENT_RECVFROM,B3BE35BB-7042-11E9-A28B-D4AE52C1DBD3,530CC744-CF87-4EA5-B7F0-DD9BD6354E42,1558015162810910117
CED88597-77E2-11E9-A28B-D4AE52C1DBD3,EVENT_RECVFROM,B3BE35BB-7042-11E9-A28B-D4AE52C1DBD3,8D359BF4-F6B0-43B9-9069-AE4FB162875C,1558015162821008688
CED88597-77E2-11E9-A28B-D4AE52C1DBD3,EVENT_RECVFROM,B3BE35BB-7042-11E9-A28B-D4AE52C1DBD3,25B45081-2F87-470D-9E2B-F17F4E503950,1558015162821008688
CED88597-77E2-11E9-A28B-D4AE52C1DBD3,EVENT_RECVFROM,B3BE35BB-7042-11E9-A28B-D4AE52C1DBD3,04F8D5FA-3D71-47F4-9665-3F2A296C55F2,1558015162821008688
CED88597-77E2-11E9-A28B-D4AE52C1DBD3,EVENT_RECVFROM,B3BE35BB-7042-11E9-A28B-D4AE52C1DBD3,CC292ACC-DABB-4758-AB74-9C0D8505F683,1558015162821008688
CED88597-77E2-11E9-A28B-D4AE52C1DBD3,EVENT_RECVFROM,B3BE35BB-7042-11E9-A28B-D4AE52C1DBD3,1D8585E4-29F5-40C8-B4CA-FE094F15D8AB,1558015162821008688
CED88597-77E2-11E9-A28B-D4AE52C1DBD3,EVENT_RECVFROM,B3BE35BB-7042-11E9-A28B-D4AE52C1DBD3,6B7BA786-8EA3-42C1-9EBE-86AC81D035D5,1558015162821008688
CED88597-77E2-11E9-A28B-D4AE52C1DBD3,EVENT_RECVFROM,B3BE35BB-7042-11E9-A28B-D4AE52C1DBD3,9D8ACED8-313E-42F2-990B-5CA066F35F16,1558015162821008688
CED88597-77E2-11E9-A28B-D4AE52C1DBD3,EVENT_RECVFROM,B3BE35BB-7042-11E9-A28B-D4AE52C1DBD3,FEC64266-E80A-4C91-A857-946D262D3919,1558015162821008688
CED88597-77E2-11E9-A28B-D4AE52C1DBD3,EVENT_RECVFROM,B3BE35BB-7042-11E9-A28B-D4AE52C1DBD3,35E61E77-9467-495D-9BE7-6305AF066FA6,1558015162821008688
CED88597-77E2-11E9-A28B-D4AE52C1DBD3,EVENT_RECVFROM,B3BE35BB-7042-11E9-A28B-D4AE52C1DBD3,8952C071-9F7E-48E4-B2EE-82146202E82A,1558015162821008688
CED88597-77E2-11E9-A28B-D4AE52C1DBD3,EVENT_RECVFROM,B3BE35BB-7042-11E9-A28B-D4AE52C1DBD3,4E750D51-AEA9-47DA-88CB-2A7FFE78324A,1558015162821008688
CED88597-77E2-11E9-A28B-D4AE52C1DBD3,EVENT_RECVFROM,B3BE35BB-7042-11E9-A28B-D4AE52C1DBD3,15A81BFC-79A3-4D5D-81F7-3398561B4AD5,1558015162821008688
CED88597-77E2-11E9-A28B-D4AE52C1DBD3,EVENT_RECVFROM,B3BE35BB-7042-11E9-A28B-D4AE52C1DBD3,05914E9E-BCE9-42C6-8EFB-6A5707F43951,1558015162821008688
CED88597-77E2-11E9-A28B-D4AE52C1DBD3,EVENT_RECVFROM,B3BE35BB-7042-11E9-A28B-D4AE52C1DBD3,1FCFEE40-A9E7-40CD-9325-BDABB472F1BA,1558015162821008688
CED88597-77E2-11E9-A28B-D4AE52C1DBD3,EVENT_RECVFROM,B3BE35BB-7042-11E9-A28B-D4AE52C1DBD3,12DD1688-FFD2-4097-8D95-436F4EE10B58,1558015162821008688
CED88597-77E2-11E9-A28B-D4AE52C1DBD3,EVENT_RECVFROM,B3BE35BB-7042-11E9-A28B-D4AE52C1DBD3,95C7737C-8105-4EAF-BC73-DE69D198241C,1558015162821008688
CED88597-77E2-11E9-A28B-D4AE52C1DBD3,EVENT_RECVFROM,B3BE35BB-7042-11E9-A28B-D4AE52C1DBD3,82072D86-4224-4BCA-9315-4BA2A8D2E476,1558015162821008688
CED88597-77E2-11E9-A28B-D4AE52C1DBD3,EVENT_RECVFROM,B3BE35BB-7042-11E9-A28B-D4AE52C1DBD3,73E9D29B-1664-4085-A278-3A0575B157CE,1558015162821008688
CED88597-77E2-11E9-A28B-D4AE52C1DBD3,EVENT_RECVFROM,B3BE35BB-7042-11E9-A28B-D4AE52C1DBD3,E56F37F5-C34D-4571-B109-246D2EB40B37,1558015162821008688
CED88597-77E2-11E9-A28B-D4AE52C1DBD3,EVENT_RECVFROM,B3BE35BB-7042-11E9-A28B-D4AE52C1DBD3,87591CEB-495F-407C-958C-68E16613A8C1,1558015162821008688
CED88597-77E2-11E9-A28B-D4AE52C1DBD3,EVENT_RECVFROM,B3BE35BB-7042-11E9-A28B-D4AE52C1DBD3,BB3CBE24-728E-4C6B-977A-5576A50380D6,1558015162821008688
CED88597-77E2-11E9-A28B-D4AE52C1DBD3,EVENT_RECVFROM,B3BE35BB-7042-11E9-A28B-D4AE52C1DBD3,E0A6FE5A-278C-458A-A66C-C75485D652D7,1558015162821008688
CED88597-77E2-11E9-A28B-D4AE52C1DBD3,EVENT_RECVFROM,B3BE35BB-7042-11E9-A28B-D4AE52C1DBD3,FF47888B-67E7-4128-80A6-9B03E640069A,1558015162821008688
CED88597-77E2-11E9-A28B-D4AE52C1DBD3,EVENT_RECVFROM,B3BE35BB-7042-11E9-A28B-D4AE52C1DBD3,EC7B0FC2-05EF-4481-A470-3EEAF9552C90,1558015162821008688
CED88597-77E2-11E9-A28B-D4AE52C1DBD3,EVENT_RECVFROM,B3BE35BB-7042-11E9-A28B-D4AE52C1DBD3,90A23497-259C-4FDD-ACA8-309C5C0BD2F6,1558015162821008688
CED88597-77E2-11E9-A28B-D4AE52C1DBD3,EVENT_RECVFROM,B3BE35BB-7042-11E9-A28B-D4AE52C1DBD3,1B1DB955-A088-4DC5-9ED9-B8BB6D5AE343,1558015162821008688
CED88597-77E2-11E9-A28B-D4AE52C1DBD3,EVENT_RECVFROM,B3BE35BB-7042-11E9-A28B-D4AE52C1DBD3,E07A20A7-944D-44AE-9AA2-088A32B37B35,1558015162821008688
CED88597-77E2-11E9-A28B-D4AE52C1DBD3,EVENT_RECVFROM,B3BE35BB-7042-11E9-A28B-D4AE52C1DBD3,778D04F2-9A94-478D-A8BF-EED9047B34A4,1558015162821008688
CED88597-77E2-11E9-A28B-D4AE52C1DBD3,EVENT_RECVFROM,B3BE35BB-7042-11E9-A28B-D4AE52C1DBD3,C4F9D717-70B6-46A2-A4D6-26A0B147B763,1558015162821008688
CED88597-77E2-11E9-A28B-D4AE52C1DBD3,EVENT_RECVFROM,B3BE35BB-7042-11E9-A28B-D4AE52C1DBD3,B2EF3C5F-E234-4386-A990-CB9F3DB99F5A,1558015162821008688
CED88597-77E2-11E9-A28B-D4AE52C1DBD3,EVENT_RECVFROM,B3BE35BB-7042-11E9-A28B-D4AE52C1DBD3,368330A4-176B-47BA-BB2A-0C77307DA1C6,1558015162821008688
CED88597-77E2-11E9-A28B-D4AE52C1DBD3,EVENT_RECVFROM,B3BE35BB-7042-11E9-A28B-D4AE52C1DBD3,ECC7D352-B3D4-4924-BD41-E6F58E9992EA,1558015162821008688
CED88597-77E2-11E9-A28B-D4AE52C1DBD3,EVENT_RECVFROM,B3BE35BB-7042-11E9-A28B-D4AE52C1DBD3,BEE20721-F88E-46DD-BBFD-44B5588E44BA,1558015162821008688
CED88597-77E2-11E9-A28B-D4AE52C1DBD3,EVENT_RECVFROM,B3BE35BB-7042-11E9-A28B-D4AE52C1DBD3,99043016-B84A-4A6C-A72B-54D171789D1C,1558015162821008688
CED88597-77E2-11E9-A28B-D4AE52C1DBD3,EVENT_RECVFROM,B3BE35BB-7042-11E9-A28B-D4AE52C1DBD3,B7920312-4952-4232-BBF9-B178AA61AE0C,1558015162821008688
CED88597-77E2-11E9-A28B-D4AE52C1DBD3,EVENT_RECVFROM,B3BE35BB-7042-11E9-A28B-D4AE52C1DBD3,2E04F8AF-BE63-464B-8A94-2EB5FC661856,1558015162821008688
CED88597-77E2-11E9-A28B-D4AE52C1DBD3,EVENT_RECVFROM,B3BE35BB-7042-11E9-A28B-D4AE52C1DBD3,2F7CA06F-23DC-4CCC-9881-DA417520D494,1558015162821008688
CED88597-77E2-11E9-A28B-D4AE52C1DBD3,EVENT_RECVFROM,B3BE35BB-7042-11E9-A28B-D4AE52C1DBD3,51A931D4-6A6D-4A53-BDEE-4B82B9AF7642,1558015162821008688
CED88597-77E2-11E9-A28B-D4AE52C1DBD3,EVENT_RECVFROM,B3BE35BB-7042-11E9-A28B-D4AE52C1DBD3,C28770FD-6C13-4925-A83B-C96C2FCE69AF,1558015162821008688
CED88597-77E2-11E9-A28B-D4AE52C1DBD3,EVENT_RECVFROM,B3BE35BB-7042-11E9-A28B-D4AE52C1DBD3,3F0ACDC5-66F5-4145-AD2A-F2647D3B8616,1558015162821008688
CED88597-77E2-11E9-A28B-D4AE52C1DBD3,EVENT_RECVFROM,B3BE35BB-7042-11E9-A28B-D4AE52C1DBD3,7B6C50B0-82FC-4694-B6AB-3D9CBE116084,1558015162821008688
CED88597-77E2-11E9-A28B-D4AE52C1DBD3,EVENT_RECVFROM,B3BE35BB-7042-11E9-A28B-D4AE52C1DBD3,25B8E570-0087-4F72-814E-286027A27413,1558015162821008688
CED88597-77E2-11E9-A28B-D4AE52C1DBD3,EVENT_RECVFROM,B3BE35BB-7042-11E9-A28B-D4AE52C1DBD3,9B627796-2DD9-4325-B9C2-1B602E91C7DF,1558015162821008688
CED88597-77E2-11E9-A28B-D4AE52C1DBD3,EVENT_RECVFROM,B3BE35BB-7042-11E9-A28B-D4AE52C1DBD3,EA83BDB4-35D4-4055-921B-5BE02F5B310A,1558015162821008688
CED88597-77E2-11E9-A28B-D4AE52C1DBD3,EVENT_RECVFROM,B3BE35BB-7042-11E9-A28B-D4AE52C1DBD3,4FB6AD35-B585-4E58-9145-C596291C5638,1558015162821008688
CED88597-77E2-11E9-A28B-D4AE52C1DBD3,EVENT_RECVFROM,B3BE35BB-7042-11E9-A28B-D4AE52C1DBD3,3F7E36AF-3B15-4C5A-A466-4C82FB1AA0E4,1558015162821008688
CED88597-77E2-11E9-A28B-D4AE52C1DBD3,EVENT_RECVFROM,B3BE35BB-7042-11E9-A28B-D4AE52C1DBD3,C96C97B5-55FA-4462-BE72-BE4F40F2A1E9,1558015162821008688
CED88597-77E2-11E9-A28B-D4AE52C1DBD3,EVENT_RECVFROM,B3BE35BB-7042-11E9-A28B-D4AE52C1DBD3,374F54E6-7B12-4DCC-8F91-8B17E25F4A26,1558015162821008688
CED88597-77E2-11E9-A28B-D4AE52C1DBD3,EVENT_RECVFROM,B3BE35BB-7042-11E9-A28B-D4AE52C1DBD3,C6AB4C54-9BD0-4B0A-B7C8-F3CF2763ABE9,1558015162821008688
CED88597-77E2-11E9-A28B-D4AE52C1DBD3,EVENT_RECVFROM,B3BE35BB-7042-11E9-A28B-D4AE52C1DBD3,7991838B-D185-42FD-BD29-CEBFDC735F42,1558015162821008688
CED88597-77E2-11E9-A28B-D4AE52C1DBD3,EVENT_RECVFROM,B3BE35BB-7042-11E9-A28B-D4AE52C1DBD3,BB80A206-58F0-420C-92B2-844015E016F2,1558015162821008688
CED88597-77E2-11E9-A28B-D4AE52C1DBD3,EVENT_RECVFROM,B3BE35BB-7042-11E9-A28B-D4AE52C1DBD3,4C3EB7A5-D596-480D-95F0-7F30F671AE18,1558015162821008688
CED88597-77E2-11E9-A28B-D4AE52C1DBD3,EVENT_RECVFROM,B3BE35BB-7042-11E9-A28B-D4AE52C1DBD3,C9DD2FCA-C997-4C89-BE5E-6A112591A529,1558015162821008688
CED88597-77E2-11E9-A28B-D4AE52C1DBD3,EVENT_RECVFROM,B3BE35BB-7042-11E9-A28B-D4AE52C1DBD3,1D907F61-9020-4404-BBBB-208346EB7171,1558015162821008688
CED88597-77E2-11E9-A28B-D4AE52C1DBD3,EVENT_RECVFROM,B3BE35BB-7042-11E9-A28B-D4AE52C1DBD3,5B93BB71-7499-492D-A68C-D85DB69AEC8C,1558015162821008688
CED88597-77E2-11E9-A28B-D4AE52C1DBD3,EVENT_RECVFROM,B3BE35BB-7042-11E9-A28B-D4AE52C1DBD3,25CE9545-C89B-4A20-A114-DA6D36BC7670,1558015162821008688
CED88597-77E2-11E9-A28B-D4AE52C1DBD3,EVENT_RECVFROM,B3BE35BB-7042-11E9-A28B-D4AE52C1DBD3,3072F9D0-8AF5-4821-985F-0D5F39ACE153,1558015162821008688
CED88597-77E2-11E9-A28B-D4AE52C1DBD3,EVENT_RECVFROM,B3BE35BB-7042-11E9-A28B-D4AE52C1DBD3,93D83B05-B826-41C4-97A7-EA360258014E,1558015162821008688
CED88597-77E2-11E9-A28B-D4AE52C1DBD3,EVENT_RECVFROM,B3BE35BB-7042-11E9-A28B-D4AE52C1DBD3,875CF179-1C66-47C8-A3E3-577395DA43E1,1558015162821008688
CED88597-77E2-11E9-A28B-D4AE52C1DBD3,EVENT_RECVFROM,B3BE35BB-7042-11E9-A28B-D4AE52C1DBD3,6D1CA50B-D598-4A6A-8131-F5020434F83B,1558015162821008688
CED88597-77E2-11E9-A28B-D4AE52C1DBD3,EVENT_RECVFROM,B3BE35BB-7042-11E9-A28B-D4AE52C1DBD3,9E835764-5A6E-467F-9516-447FF034329F,1558015162821008688
CED88597-77E2-11E9-A28B-D4AE52C1DBD3,EVENT_RECVFROM,B3BE35BB-7042-11E9-A28B-D4AE52C1DBD3,C0EFAF4C-99A6-4191-956B-D5FD66C0A737,1558015162821008688
CED88597-77E2-11E9-A28B-D4AE52C1DBD3,EVENT_RECVFROM,B3BE35BB-7042-11E9-A28B-D4AE52C1DBD3,3AC28C9E-BB9E-4ECB-A698-6922AC0A5EB5,1558015162821008688
CED88597-77E2-11E9-A28B-D4AE52C1DBD3,EVENT_RECVFROM,B3BE35BB-7042-11E9-A28B-D4AE52C1DBD3,912ABC50-21B7-44D9-B959-9700CC9C204A,1558015162821008688
CED88597-77E2-11E9-A28B-D4AE52C1DBD3,EVENT_RECVFROM,B3BE35BB-7042-11E9-A28B-D4AE52C1DBD3,2D1DA144-F52D-4C2F-A17E-CA4FAF5FA1B2,1558015162821008688
CED88597-77E2-11E9-A28B-D4AE52C1DBD3,EVENT_RECVFROM,B3BE35BB-7042-11E9-A28B-D4AE52C1DBD3,706F4AA6-8DAD-4C10-BAAD-2643A18CC12B,1558015162821008688
CED88597-77E2-11E9-A28B-D4AE52C1DBD3,EVENT_RECVFROM,B3BE35BB-7042-11E9-A28B-D4AE52C1DBD3,5806BF87-BBA9-4534-985D-6F1CFA6A2FBE,1558015162821008688
CED88597-77E2-11E9-A28B-D4AE52C1DBD3,EVENT_RECVFROM,B3BE35BB-7042-11E9-A28B-D4AE52C1DBD3,62902D38-4DB1-4479-B85A-EF78D6CF47D7,1558015162821008688
CED88597-77E2-11E9-A28B-D4AE52C1DBD3,EVENT_RECVFROM,B3BE35BB-7042-11E9-A28B-D4AE52C1DBD3,ADCDE317-8067-4D45-B148-312C90013F49,1558015162821008688
CED88597-77E2-11E9-A28B-D4AE52C1DBD3,EVENT_RECVFROM,B3BE35BB-7042-11E9-A28B-D4AE52C1DBD3,ECFE9417-493E-44A0-93BC-65F95D0D3FC1,1558015162821008688
CED88597-77E2-11E9-A28B-D4AE52C1DBD3,EVENT_RECVFROM,B3BE35BB-7042-11E9-A28B-D4AE52C1DBD3,D698FD3F-36DC-4726-9F63-84F92AE7A7B0,1558015162821008688
CED88597-77E2-11E9-A28B-D4AE52C1DBD3,EVENT_RECVFROM,B3BE35BB-7042-11E9-A28B-D4AE52C1DBD3,CDA0C1D3-7E07-4C74-9A84-008544D5E8BB,1558015162821008688
CED88597-77E2-11E9-A28B-D4AE52C1DBD3,EVENT_RECVFROM,B3BE35BB-7042-11E9-A28B-D4AE52C1DBD3,E77A44CB-A177-4874-9E50-4AF2803BBDA3,1558015162821008688
CED88597-77E2-11E9-A28B-D4AE52C1DBD3,EVENT_RECVFROM,B3BE35BB-7042-11E9-A28B-D4AE52C1DBD3,4E3C9275-E57F-46C7-B718-EEA89F9288B0,1558015162821008688
CED88597-77E2-11E9-A28B-D4AE52C1DBD3,EVENT_RECVFROM,B3BE35BB-7042-11E9-A28B-D4AE52C1DBD3,8AAA81FD-2D7B-476E-9D3C-C825A6991829,1558015162821008688
CED88597-77E2-11E9-A28B-D4AE52C1DBD3,EVENT_RECVFROM,B3BE35BB-7042-11E9-A28B-D4AE52C1DBD3,015B6598-D548-4854-996A-9CB02D708518,1558015162821008688
CED88597-77E2-11E9-A28B-D4AE52C1DBD3,EVENT_RECVFROM,B3BE35BB-7042-11E9-A28B-D4AE52C1DBD3,3AE3CBBE-3411-49FE-BC5E-5AA5E3F32B7A,1558015162821008688
CED88597-77E2-11E9-A28B-D4AE52C1DBD3,EVENT_RECVFROM,B3BE35BB-7042-11E9-A28B-D4AE52C1DBD3,FC29C108-4B50-47BE-B67E-6EF04C72507D,1558015162821008688
CED88597-77E2-11E9-A28B-D4AE52C1DBD3,EVENT_RECVFROM,B3BE35BB-7042-11E9-A28B-D4AE52C1DBD3,274DBCB4-1B51-4AC1-ACAF-F1921837E41B,1558015162821008688
CED88597-77E2-11E9-A28B-D4AE52C1DBD3,EVENT_RECVFROM,B3BE35BB-7042-11E9-A28B-D4AE52C1DBD3,F1E84849-319A-4D1E-A149-BCDD6E7DD652,1558015162821008688
CED88597-77E2-11E9-A28B-D4AE52C1DBD3,EVENT_RECVFROM,B3BE35BB-7042-11E9-A28B-D4AE52C1DBD3,667E63EF-D4BC-46F8-A8A5-0D06464E12A1,1558015162821008688
CED88597-77E2-11E9-A28B-D4AE52C1DBD3,EVENT_RECVFROM,B3BE35BB-7042-11E9-A28B-D4AE52C1DBD3,2336B777-B572-4859-B8E4-FEFD9CD56073,1558015162821008688
CED88597-77E2-11E9-A28B-D4AE52C1DBD3,EVENT_RECVFROM,B3BE35BB-7042-11E9-A28B-D4AE52C1DBD3,8DF7DE4D-B4F5-465C-B611-A466FE0A464E,1558015162821008688
CED88597-77E2-11E9-A28B-D4AE52C1DBD3,EVENT_RECVFROM,B3BE35BB-7042-11E9-A28B-D4AE52C1DBD3,8D3DDC92-67E3-41C7-BAF0-96A1B49C9171,1558015162821008688
CED88597-77E2-11E9-A28B-D4AE52C1DBD3,EVENT_RECVFROM,B3BE35BB-7042-11E9-A28B-D4AE52C1DBD3,6D34D2AF-126C-44E5-9732-93CE3FB0F550,1558015162821008688
CED88597-77E2-11E9-A28B-D4AE52C1DBD3,EVENT_RECVFROM,B3BE35BB-7042-11E9-A28B-D4AE52C1DBD3,C4D04282-D235-45A8-8F3B-E8DA4C04BE96,1558015162821008688
CED88597-77E2-11E9-A28B-D4AE52C1DBD3,EVENT_RECVFROM,B3BE35BB-7042-11E9-A28B-D4AE52C1DBD3,7CB83A65-09FD-4305-884A-8336654AAEED,1558015162821008688
CED88597-77E2-11E9-A28B-D4AE52C1DBD3,EVENT_RECVFROM,B3BE35BB-7042-11E9-A28B-D4AE52C1DBD3,18818303-4714-4E09-A5B0-3071E2F139F7,1558015162821008688
CED88597-77E2-11E9-A28B-D4AE52C1DBD3,EVENT_RECVFROM,B3BE35BB-7042-11E9-A28B-D4AE52C1DBD3,4356B7E3-AE9F-4553-97BD-79F10E8BB262,1558015162821008688
CED88597-77E2-11E9-A28B-D4AE52C1DBD3,EVENT_RECVFROM,B3BE35BB-7042-11E9-A28B-D4AE52C1DBD3,A5E279B0-2B3A-45FD-BC89-EF312F93456A,1558015162821008688
CED88597-77E2-11E9-A28B-D4AE52C1DBD3,EVENT_RECVFROM,B3BE35BB-7042-11E9-A28B-D4AE52C1DBD3,5812A5FF-9FD5-43CC-ADB7-8BCB59795106,1558015162821008688
CED88597-77E2-11E9-A28B-D4AE52C1DBD3,EVENT_RECVFROM,B3BE35BB-7042-11E9-A28B-D4AE52C1DBD3,6BEE0007-2641-44DF-982E-3E7203A87043,1558015162821008688
CED88597-77E2-11E9-A28B-D4AE52C1DBD3,EVENT_RECVFROM,B3BE35BB-7042-11E9-A28B-D4AE52C1DBD3,32B2CCC6-F44C-497F-A480-3540AD66A760,1558015162821008688
CED88597-77E2-11E9-A28B-D4AE52C1DBD3,EVENT_RECVFROM,B3BE35BB-7042-11E9-A28B-D4AE52C1DBD3,A8AD9F28-189C-4A82-86EC-60D482CE16AC,1558015162821008688
CED88597-77E2-11E9-A28B-D4AE52C1DBD3,EVENT_RECVFROM,B3BE35BB-7042-11E9-A28B-D4AE52C1DBD3,BF723921-D594-4E76-8721-DC3A862B6681,1558015162821008688
CED88597-77E2-11E9-A28B-D4AE52C1DBD3,EVENT_RECVFROM,B3BE35BB-7042-11E9-A28B-D4AE52C1DBD3,DEF50C27-FCE3-4EFE-B47F-ECB6C5770F87,1558015162830974937
CED88597-77E2-11E9-A28B-D4AE52C1DBD3,EVENT_RECVFROM,B3BE35BB-7042-11E9-A28B-D4AE52C1DBD3,08845BF2-50EB-4ABC-A4BE-452DF5CBD6F7,1558015162830974937
CED88597-77E2-11E9-A28B-D4AE52C1DBD3,EVENT_RECVFROM,B3BE35BB-7042-11E9-A28B-D4AE52C1DBD3,3B9322A2-C8D5-4960-8892-2FF9C61F139E,1558015162830974937
CED88597-77E2-11E9-A28B-D4AE52C1DBD3,EVENT_RECVFROM,B3BE35BB-7042-11E9-A28B-D4AE52C1DBD3,0B1518E1-03A0-40B0-8D8D-D1679F2AAD1B,1558015162830974937
CED88597-77E2-11E9-A28B-D4AE52C1DBD3,EVENT_RECVFROM,B3BE35BB-7042-11E9-A28B-D4AE52C1DBD3,BF6630ED-EB24-4790-BA2D-746AA00E0F52,1558015162830974937
CED88597-77E2-11E9-A28B-D4AE52C1DBD3,EVENT_RECVFROM,B3BE35BB-7042-11E9-A28B-D4AE52C1DBD3,9C93A6AC-6BED-42EC-9E8A-D1501CCF3887,1558015162830974937
CED88597-77E2-11E9-A28B-D4AE52C1DBD3,EVENT_RECVFROM,B3BE35BB-7042-11E9-A28B-D4AE52C1DBD3,5CFC96C8-E8E0-4EB1-8534-61EAA3CD20C8,1558015162830974937
CED88597-77E2-11E9-A28B-D4AE52C1DBD3,EVENT_RECVFROM,B3BE35BB-7042-11E9-A28B-D4AE52C1DBD3,F34F28E1-D6B2-49DB-B06F-88DBB695238B,1558015162830974937
CED88597-77E2-11E9-A28B-D4AE52C1DBD3,EVENT_RECVFROM,B3BE35BB-7042-11E9-A28B-D4AE52C1DBD3,058C3531-D15C-4FF9-8D47-756CAA20480B,1558015162830974937
CED88597-77E2-11E9-A28B-D4AE52C1DBD3,EVENT_RECVFROM,B3BE35BB-7042-11E9-A28B-D4AE52C1DBD3,6F5A8CC4-D0D2-46ED-B04F-696312A78B70,1558015162830974937
CED88597-77E2-11E9-A28B-D4AE52C1DBD3,EVENT_RECVFROM,B3BE35BB-7042-11E9-A28B-D4AE52C1DBD3,57CF6F9A-F78F-46AB-99EA-D965FB242221,1558015162830974937
CED88597-77E2-11E9-A28B-D4AE52C1DBD3,EVENT_RECVFROM,B3BE35BB-7042-11E9-A28B-D4AE52C1DBD3,D50D9B5B-8E61-47F8-BDB5-3E19C057F1FE,1558015162830974937
CED88597-77E2-11E9-A28B-D4AE52C1DBD3,EVENT_RECVFROM,B3BE35BB-7042-11E9-A28B-D4AE52C1DBD3,1ABF8F61-CA03-41F5-B46C-5AB0687B92B9,1558015162830974937
CED88597-77E2-11E9-A28B-D4AE52C1DBD3,EVENT_RECVFROM,B3BE35BB-7042-11E9-A28B-D4AE52C1DBD3,FCD4CFFF-867C-408A-9860-B6DF333C86FA,1558015162830974937
CED88597-77E2-11E9-A28B-D4AE52C1DBD3,EVENT_RECVFROM,B3BE35BB-7042-11E9-A28B-D4AE52C1DBD3,2F9C77E3-9241-49DB-B119-BD2E872BC0ED,1558015162830974937
CED88597-77E2-11E9-A28B-D4AE52C1DBD3,EVENT_RECVFROM,B3BE35BB-7042-11E9-A28B-D4AE52C1DBD3,9346E322-2707-48A7-B40E-C441F805A91A,1558015162861029072
CED88597-77E2-11E9-A28B-D4AE52C1DBD3,EVENT_RECVFROM,B3BE35BB-7042-11E9-A28B-D4AE52C1DBD3,7CCCA677-314B-4490-B3DA-CBA78F044535,1558015162861029072
CED88597-77E2-11E9-A28B-D4AE52C1DBD3,EVENT_RECVFROM,B3BE35BB-7042-11E9-A28B-D4AE52C1DBD3,B7D267AF-F88E-4164-AD86-7289DB924087,1558015162861029072
CED88597-77E2-11E9-A28B-D4AE52C1DBD3,EVENT_RECVFROM,B3BE35BB-7042-11E9-A28B-D4AE52C1DBD3,FE4104D7-3E6E-4D4F-A281-FA48F9E143D0,1558015162861029072
CED88597-77E2-11E9-A28B-D4AE52C1DBD3,EVENT_RECVFROM,B3BE35BB-7042-11E9-A28B-D4AE52C1DBD3,3473069E-A843-442A-AA85-2555938BE7E8,1558015162861029072
CED88597-77E2-11E9-A28B-D4AE52C1DBD3,EVENT_RECVFROM,B3BE35BB-7042-11E9-A28B-D4AE52C1DBD3,27A2EDA9-98B9-4D13-ABBA-55EE8BF77326,1558015162861029072
CED88597-77E2-11E9-A28B-D4AE52C1DBD3,EVENT_RECVFROM,B3BE35BB-7042-11E9-A28B-D4AE52C1DBD3,7B5E4AF6-A617-4EA4-8F0A-46A16CD3554E,1558015162861029072
CED88597-77E2-11E9-A28B-D4AE52C1DBD3,EVENT_RECVFROM,B3BE35BB-7042-11E9-A28B-D4AE52C1DBD3,C5634303-EC0F-4099-9115-4434D0474354,1558015162861029072
CED88597-77E2-11E9-A28B-D4AE52C1DBD3,EVENT_RECVFROM,B3BE35BB-7042-11E9-A28B-D4AE52C1DBD3,5AB3C585-2C9F-40FD-8E89-28AF671965D7,1558015162861029072
CED88597-77E2-11E9-A28B-D4AE52C1DBD3,EVENT_RECVFROM,B3BE35BB-7042-11E9-A28B-D4AE52C1DBD3,940B3DD4-A87A-491D-99CB-F973D67C7485,1558015162861029072
CED88597-77E2-11E9-A28B-D4AE52C1DBD3,EVENT_RECVFROM,B3BE35BB-7042-11E9-A28B-D4AE52C1DBD3,42620FDF-8332-4707-A477-AF5B81D3D4AA,1558015162861029072
CED88597-77E2-11E9-A28B-D4AE52C1DBD3,EVENT_RECVFROM,B3BE35BB-7042-11E9-A28B-D4AE52C1DBD3,644E8480-D74B-49CF-92DD-4860B88CA1B4,1558015162861029072
CED88597-77E2-11E9-A28B-D4AE52C1DBD3,EVENT_RECVFROM,B3BE35BB-7042-11E9-A28B-D4AE52C1DBD3,A2FCCFA3-C790-43C3-86D5-019517C48A16,1558015162861029072
CED88597-77E2-11E9-A28B-D4AE52C1DBD3,EVENT_RECVFROM,B3BE35BB-7042-11E9-A28B-D4AE52C1DBD3,CF1733A4-2A0A-4C49-83E0-94377DE3F97C,1558015162861029072
CED88597-77E2-11E9-A28B-D4AE52C1DBD3,EVENT_RECVFROM,B3BE35BB-7042-11E9-A28B-D4AE52C1DBD3,0E25CF5C-4B27-462F-9DF1-185AD7447166,1558015162861029072
CED88597-77E2-11E9-A28B-D4AE52C1DBD3,EVENT_RECVFROM,B3BE35BB-7042-11E9-A28B-D4AE52C1DBD3,29132230-CD34-4987-ACBE-8C0E27E3DA83,1558015162861029072
CED88597-77E2-11E9-A28B-D4AE52C1DBD3,EVENT_RECVFROM,B3BE35BB-7042-11E9-A28B-D4AE52C1DBD3,636E16C8-6424-44C0-BD9B-CCC26647C286,1558015162861029072
CED88597-77E2-11E9-A28B-D4AE52C1DBD3,EVENT_RECVFROM,B3BE35BB-7042-11E9-A28B-D4AE52C1DBD3,5C14938B-FDA3-4BA5-A418-2FE4EB36116B,1558015162861029072
CED88597-77E2-11E9-A28B-D4AE52C1DBD3,EVENT_RECVFROM,B3BE35BB-7042-11E9-A28B-D4AE52C1DBD3,6D7CC199-8DB0-4CC7-8E8E-DE7A7309E506,1558015162861029072
CED88597-77E2-11E9-A28B-D4AE52C1DBD3,EVENT_RECVFROM,B3BE35BB-7042-11E9-A28B-D4AE52C1DBD3,DF4984B1-7407-4F35-9D02-328107A2AD23,1558015162861029072
CED88597-77E2-11E9-A28B-D4AE52C1DBD3,EVENT_RECVFROM,B3BE35BB-7042-11E9-A28B-D4AE52C1DBD3,E313B9EB-4719-4148-B306-38E126F3EEC5,1558015162861029072
CED88597-77E2-11E9-A28B-D4AE52C1DBD3,EVENT_RECVFROM,B3BE35BB-7042-11E9-A28B-D4AE52C1DBD3,4662DA6D-EFA6-4757-B76C-C7901A2B00A3,1558015162861029072
CED88597-77E2-11E9-A28B-D4AE52C1DBD3,EVENT_RECVFROM,B3BE35BB-7042-11E9-A28B-D4AE52C1DBD3,141ABCE6-1736-49A5-A9FC-EC56D4A0C8F6,1558015162861029072
B3BE35BB-7042-11E9-A28B-D4AE52C1DBD3,EVENT_CONNECT,CF22F088-77E2-11E9-A28B-D4AE52C1DBD3,CAE9AB69-378E-4FFC-A5EB-DC4E6D8A6C96,1558015163291389689
B3BE35BB-7042-11E9-A28B-D4AE52C1DBD3,EVENT_WRITE,CF22F088-77E2-11E9-A28B-D4AE52C1DBD3,582F0C98-9B56-48B4-99CC-FEB2FB500389,1558015163291389689
CF22F088-77E2-11E9-A28B-D4AE52C1DBD3,EVENT_RECVFROM,B3BE35BB-7042-11E9-A28B-D4AE52C1DBD3,D3183BE5-7A21-4B50-A532-FBE240E9BF3D,1558015163300979475
B3BE35BB-7042-11E9-A28B-D4AE52C1DBD3,EVENT_WRITE,0CE6DEF9-CAA1-795F-A1CA-8B642F79D07D,A3F6245F-FDA9-4EF7-9A5E-3E9590C6BF19,1558015163300979475
B3BE35BB-7042-11E9-A28B-D4AE52C1DBD3,EVENT_CLOSE,CF22F088-77E2-11E9-A28B-D4AE52C1DBD3,B2B8EAC4-DC3F-4C2B-A738-2B7B7E4CF3A6,1558015163300979475
B3BE35BB-7042-11E9-A28B-D4AE52C1DBD3,EVENT_WRITE,CED86807-77E2-11E9-A28B-D4AE52C1DBD3,D7AB3F5C-5014-4C09-913C-F3D6C18E1AF4,1558015163300979475
B3BE35BB-7042-11E9-A28B-D4AE52C1DBD3,EVENT_WRITE,923E0EB6-34ED-E15C-AD34-BDCFCCE1A99F,3D3F621D-B861-419E-8F0F-2B56511D46A7,1558015163300979475
416AB837-8E42-6D58-828E-6976586D8E68,EVENT_OPEN,B3BE35BB-7042-11E9-A28B-D4AE52C1DBD3,1FD6977C-AD92-4E44-B4FC-03E6CAB84C73,1558015163300979475
416AB837-8E42-6D58-828E-6976586D8E68,EVENT_READ,B3BE35BB-7042-11E9-A28B-D4AE52C1DBD3,759F028D-BF40-4C9E-9B84-49767026BFFA,1558015163300979475
B3BE35BB-7042-11E9-A28B-D4AE52C1DBD3,EVENT_CLOSE,416AB837-8E42-6D58-828E-6976586D8E68,90F6BCDE-F6F4-4AFB-BBF7-F7F0BB1A52FE,1558015163300979475
A6F2F9E7-6EBD-E25B-BD6E-94157BE27558,EVENT_OPEN,B3BE35BB-7042-11E9-A28B-D4AE52C1DBD3,041F0732-BDEA-4CE5-B740-2C826AAFFA9D,1558015714061224039
A6F2F9E7-6EBD-E25B-BD6E-94157BE27558,EVENT_OPEN,B3BE35BB-7042-11E9-A28B-D4AE52C1DBD3,A9735191-7482-46F8-9EC1-BCA2B1B96008,1558015714061224039
42292980-77E4-11E9-B41B-D4AE52C1DBD3,EVENT_SIGNAL,00F2FDB9-7043-11E9-B41B-D4AE52C1DBD3,BF4489EC-4914-4F17-9825-D51A218B0D13,1558015785973788009
42292980-77E4-11E9-B41B-D4AE52C1DBD3,EVENT_SIGNAL,00F2FDB9-7043-11E9-B41B-D4AE52C1DBD3,5E803C88-A219-49EB-B056-D22434B60C87,1558015785973788009
00F2FDB9-7043-11E9-B41B-D4AE52C1DBD3,EVENT_WRITE,0CE6DEF9-CAA1-795F-A1CA-8B642F79D07D,C5357882-5A45-4062-835A-F9DA27DAA252,1558015786073754106
00F2FDB9-7043-11E9-B41B-D4AE52C1DBD3,EVENT_WRITE,0CE6DEF9-CAA1-795F-A1CA-8B642F79D07D,B0ADC827-E0AA-4E8E-94A0-0A637682460E,1558015786833505790
00F2FDB9-7043-11E9-B41B-D4AE52C1DBD3,EVENT_SENDMSG,00F329BC-7043-11E9-B41B-D4AE52C1DBD3,4B842FC5-5874-4BA6-8E3F-3494344F4FD2,1558015786833505790
00F2FDB9-7043-11E9-B41B-D4AE52C1DBD3,EVENT_SENDMSG,00F3230A-7043-11E9-B41B-D4AE52C1DBD3,341C5D36-DC93-409F-AAF2-FE6B0A058263,1558015786833505790
00F2FDB9-7043-11E9-B41B-D4AE52C1DBD3,EVENT_WRITE,0CE6DEF9-CAA1-795F-A1CA-8B642F79D07D,EF8E25A5-37E6-4177-B7BE-D3B20EA6C600,1558015787643441390
00F2FDB9-7043-11E9-B41B-D4AE52C1DBD3,EVENT_SENDMSG,00F3230A-7043-11E9-B41B-D4AE52C1DBD3,09574D64-4687-4529-9E38-2B23C8D165E6,1558015787643441390
00F2FDB9-7043-11E9-B41B-D4AE52C1DBD3,EVENT_SENDMSG,00F329BC-7043-11E9-B41B-D4AE52C1DBD3,1AC0B951-324F-484C-A516-8ADBE21685FD,1558015787643441390
00F2FDB9-7043-11E9-B41B-D4AE52C1DBD3,EVENT_CLOSE,00F329FC-7043-11E9-B41B-D4AE52C1DBD3,4E39A70F-7F69-4691-ADD8-83FCB981A4EE,1558015789253681607
00F2FDB9-7043-11E9-B41B-D4AE52C1DBD3,EVENT_CLOSE,00F329BC-7043-11E9-B41B-D4AE52C1DBD3,0040B85F-1370-4F9F-8DCC-BE8633A54530,1558015789253681607
00F2FDB9-7043-11E9-B41B-D4AE52C1DBD3,EVENT_CLOSE,00F32350-7043-11E9-B41B-D4AE52C1DBD3,F8C8977E-EAF6-4748-BE58-8A96C202FEE5,1558015789253681607
00F2FDB9-7043-11E9-B41B-D4AE52C1DBD3,EVENT_CLOSE,00F3230A-7043-11E9-B41B-D4AE52C1DBD3,A46BD232-8327-4E69-A68F-160231DA5E24,1558015789253681607
00F2FDB9-7043-11E9-B41B-D4AE52C1DBD3,EVENT_WRITE,0CE6DEF9-CAA1-795F-A1CA-8B642F79D07D,B3DD9FBB-D6C8-4247-ADA3-CDB9A19FDC0A,1558015789253681607
00F2FDB9-7043-11E9-B41B-D4AE52C1DBD3,EVENT_WRITE,0CE6DEF9-CAA1-795F-A1CA-8B642F79D07D,944C0CD0-466E-455A-928C-6A03D69B700E,1558015789253681607
00F2FDB9-7043-11E9-B41B-D4AE52C1DBD3,EVENT_WRITE,0CE6DEF9-CAA1-795F-A1CA-8B642F79D07D,6E9F6AA3-D7F5-4ED9-B0A6-DF26F69DA017,1558015789253681607
00F2FDB9-7043-11E9-B41B-D4AE52C1DBD3,EVENT_SIGNAL,00F33638-7043-11E9-B41B-D4AE52C1DBD3,81650239-FFAA-4D56-8D35-D4C1C31F7635,1558015789253681607
00F2FDB9-7043-11E9-B41B-D4AE52C1DBD3,EVENT_SIGNAL,00F3278E-7043-11E9-B41B-D4AE52C1DBD3,EBF42326-7665-4BB2-915D-9159EB69B867,1558015789253681607
00F2FDB9-7043-11E9-B41B-D4AE52C1DBD3,EVENT_WRITE,0CE6DEF9-CAA1-795F-A1CA-8B642F79D07D,31E30355-07AE-42EE-87D8-788BB5D4DDD7,1558015789253681607
00F2FDB9-7043-11E9-B41B-D4AE52C1DBD3,EVENT_CLOSE,00F2DC72-7043-11E9-B41B-D4AE52C1DBD3,2EB1DAF7-B2E8-48D4-B7D4-59180DB9349C,1558015789253681607
00F2FDB9-7043-11E9-B41B-D4AE52C1DBD3,EVENT_UNLINK,E01FF9E5-2C7E-185C-BE2C-0609CC186F0E,3984EF07-ECA5-43F5-B7B2-AC78BFCFFF95,1558015789253681607
00F2FDB9-7043-11E9-B41B-D4AE52C1DBD3,EVENT_WRITE,0CE6DEF9-CAA1-795F-A1CA-8B642F79D07D,B58108DB-CC4D-464B-B022-86DD15FB0F98,1558015789253681607
00F2FDB9-7043-11E9-B41B-D4AE52C1DBD3,EVENT_EXIT,00F2FDB9-7043-11E9-B41B-D4AE52C1DBD3,A6356DC1-C7A9-471D-AB94-548182BFBF6F,1558015789293734994
