BA14551F-0000-0000-0000-000000000020,EVENT_SENDTO,80370C6E-1795-D04B-7503-500000000040,9BE61F43-0424-2415-428D-100000000010,1523382174682703515
80370C6E-1795-D04B-7503-500000000040,EVENT_RECVFROM,BA14551F-0000-0000-0000-000000000020,5F203743-0424-2415-4D8D-100000000010,1523382174684225631
80370C6E-1795-D04B-7503-500000000040,EVENT_RECVFROM,BA14551F-0000-0000-0000-000000000020,FBC53743-0424-2415-4E8D-100000000010,1523382174684268027
BA14551F-0000-0000-0000-000000000020,EVENT_SENDTO,80370C6E-1895-D04B-7503-500000000040,4ADDF14B-0424-2415-4997-100000000010,1523382174830681418
80370C6E-1895-D04B-7503-500000000040,EVENT_RECVFROM,BA14551F-0000-0000-0000-000000000020,5C34054C-0424-2415-5697-100000000010,1523382174831948892
80370C6E-1895-D04B-7503-500000000040,EVENT_RECVFROM,BA14551F-0000-0000-0000-000000000020,2FC9054C-0424-2415-5797-100000000010,1523382174831986991
BA14551F-0000-0000-0000-000000000020,EVENT_SENDTO,80370C6E-1995-D04B-7503-500000000040,4902574C-0424-2415-9797-100000000010,1523382174837310025
80370C6E-1995-D04B-7503-500000000040,EVENT_RECVFROM,BA14551F-0000-0000-0000-000000000020,BDDE684C-0424-2415-9997-100000000010,1523382174838480573
80370C6E-1995-D04B-7503-500000000040,EVENT_RECVFROM,BA14551F-0000-0000-0000-000000000020,F071694C-0424-2415-9A97-100000000010,1523382174838518256
0015CD1F-0000-0000-0000-000000000020,EVENT_SENDTO,80370C6E-6395-D04B-7503-500000000040,BF914760-2024-2415-EB90-110000000010,1523382295430926783
80370C6E-6395-D04B-7503-500000000040,EVENT_RECVFROM,0015CD1F-0000-0000-0000-000000000020,E61C5960-2024-2415-F690-110000000010,1523382295432076518
80370C6E-6395-D04B-7503-500000000040,EVENT_RECVFROM,0015CD1F-0000-0000-0000-000000000020,2FD65960-2024-2415-F790-110000000010,1523382295432123951
0015CD1F-0000-0000-0000-000000000020,EVENT_SENDTO,80370C6E-6495-D04B-7503-500000000040,5794E961-2024-2415-B292-110000000010,1523382295458321495
0015CD1F-0000-0000-0000-000000000020,EVENT_SENDTO,80370C6E-6595-D04B-7503-500000000040,308E2669-2024-2415-5899-110000000010,1523382295579758128
80370C6E-6595-D04B-7503-500000000040,EVENT_RECVFROM,0015CD1F-0000-0000-0000-000000000020,1A103869-2024-2415-8F99-110000000010,1523382295580905498
80370C6E-6595-D04B-7503-500000000040,EVENT_RECVFROM,0015CD1F-0000-0000-0000-000000000020,D8A43869-2024-2415-9099-110000000010,1523382295580943576
